execution_order,run_id,block_number,program_id,category,role,target_paths,condition,repetition_type,repeat_number,abstract_verdict,abstract_wall_time_us,fallback_invoked,symbolic_wall_time_us,total_wall_time_us,total_wall_time_ms,cpu_time_us,verdict,reference_verdict,correctness_match,krakenguard_request_id,klee_paths_explored,klee_completed_paths,klee_total_instructions,klee_total_queries,return_code,execution_status,source_sha256,object_sha256,policy_sha256,raw_artifact_dir
1,e4-a1-sym-w01,1,a1,A,Provable Compliant,1,symbolic_only,warmup,1,NONE,0,False,694252,694252,694.252,454,COMPLIANT,COMPLIANT,True,1d72888a-efe5-4b86-b4fe-f8c4050e5287,1,0,12695,0,0,success,cd2e9241582690fe6560e3ec50707646d771ea3b71ac87d362cc2a7cf71eeffa,afdf76a0a4465ad311a341f5b9312804dbc313d23b656b65297bcb80c489b1a7,270403272d736ae7aee2ceda3bf8d088b6ac0cb476bb99ce0218dd8f33c3c603,research/experiments/results/e4/raw/runs/run-001-e4-a1-sym-w01
2,e4-a1-hyb-w01,1,a1,A,Provable Compliant,1,hybrid,warmup,1,SAFE,33492,False,0,33492,33.492,1782,COMPLIANT,COMPLIANT,True,NONE,0,0,0,0,0,success,cd2e9241582690fe6560e3ec50707646d771ea3b71ac87d362cc2a7cf71eeffa,afdf76a0a4465ad311a341f5b9312804dbc313d23b656b65297bcb80c489b1a7,270403272d736ae7aee2ceda3bf8d088b6ac0cb476bb99ce0218dd8f33c3c603,research/experiments/results/e4/raw/runs/run-002-e4-a1-hyb-w01
3,e4-a2-hyb-w01,1,a2,A,Provable Compliant,1,hybrid,warmup,1,SAFE,30760,False,0,30760,30.76,1420,COMPLIANT,COMPLIANT,True,NONE,0,0,0,0,0,success,91b6ceff73cd825370ecc13aa0e0776fa6d9c48b9555cc8afb5e66bda072b017,9dc5de0fd13a0d6a8104849d86653ed5790f140dda8cd1b7c0407c623963c8c7,270403272d736ae7aee2ceda3bf8d088b6ac0cb476bb99ce0218dd8f33c3c603,research/experiments/results/e4/raw/runs/run-003-e4-a2-hyb-w01
4,e4-a2-sym-w01,1,a2,A,Provable Compliant,1,symbolic_only,warmup,1,NONE,0,False,676247,676247,676.247,509,COMPLIANT,COMPLIANT,True,f330092a-fd99-4d44-8b93-9825d587af8b,1,0,12695,0,0,success,91b6ceff73cd825370ecc13aa0e0776fa6d9c48b9555cc8afb5e66bda072b017,9dc5de0fd13a0d6a8104849d86653ed5790f140dda8cd1b7c0407c623963c8c7,270403272d736ae7aee2ceda3bf8d088b6ac0cb476bb99ce0218dd8f33c3c603,research/experiments/results/e4/raw/runs/run-004-e4-a2-sym-w01
5,e4-a3-hyb-w01,1,a3,A,Provable Compliant,1,hybrid,warmup,1,SAFE,33204,False,0,33204,33.204,1545,COMPLIANT,COMPLIANT,True,NONE,0,0,0,0,0,success,59bd40b3104cdae5842104c56da6e19128a4e6bc5f9ec5a6495603f984631dcc,df252c1e63a2bbbbb661bbea3de41e44367397f62a660378584b07f22eb42f27,270403272d736ae7aee2ceda3bf8d088b6ac0cb476bb99ce0218dd8f33c3c603,research/experiments/results/e4/raw/runs/run-005-e4-a3-hyb-w01
6,e4-a3-sym-w01,1,a3,A,Provable Compliant,1,symbolic_only,warmup,1,NONE,0,False,692966,692966,692.966,420,COMPLIANT,COMPLIANT,True,81a2683d-3285-4b47-9580-51d01e4cf8d0,1,0,12710,1,0,success,59bd40b3104cdae5842104c56da6e19128a4e6bc5f9ec5a6495603f984631dcc,df252c1e63a2bbbbb661bbea3de41e44367397f62a660378584b07f22eb42f27,270403272d736ae7aee2ceda3bf8d088b6ac0cb476bb99ce0218dd8f33c3c603,research/experiments/results/e4/raw/runs/run-006-e4-a3-sym-w01
7,e4-a4-hyb-w01,1,a4,A,Provable Compliant,1,hybrid,warmup,1,SAFE,37145,False,0,37145,37.145,1631,COMPLIANT,COMPLIANT,True,NONE,0,0,0,0,0,success,7c9996681b7574a9340739201821f8ae20da70d312d9ced0ce7530f9e4942673,c96c78c0957df2931e2424f8f6380d8df1a0826778f7b14a174f08c329160082,270403272d736ae7aee2ceda3bf8d088b6ac0cb476bb99ce0218dd8f33c3c603,research/experiments/results/e4/raw/runs/run-007-e4-a4-hyb-w01
8,e4-a4-sym-w01,1,a4,A,Provable Compliant,1,symbolic_only,warmup,1,NONE,0,False,687381,687381,687.381,694,COMPLIANT,COMPLIANT,True,cf0b4d18-7996-44ff-a19d-ec19447926d1,1,0,12724,1,0,success,7c9996681b7574a9340739201821f8ae20da70d312d9ced0ce7530f9e4942673,c96c78c0957df2931e2424f8f6380d8df1a0826778f7b14a174f08c329160082,270403272d736ae7aee2ceda3bf8d088b6ac0cb476bb99ce0218dd8f33c3c603,research/experiments/results/e4/raw/runs/run-008-e4-a4-sym-w01
9,e4-a5-sym-w01,1,a5,A,Provable Compliant,1,symbolic_only,warmup,1,NONE,0,False,689055,689055,689.055,519,COMPLIANT,COMPLIANT,True,7e9ed961-8c8f-4a51-b04d-8fdb0268ea23,1,0,12752,1,0,success,9b2ca4e8bfdd49875e47ed04c4c6e8f3f11d9bd4abe066f44dde72392c3cae3b,833923e85039a9e4e70c159d28396673db94a91b5a2abf062ad6c6432d2413aa,270403272d736ae7aee2ceda3bf8d088b6ac0cb476bb99ce0218dd8f33c3c603,research/experiments/results/e4/raw/runs/run-009-e4-a5-sym-w01
10,e4-a5-hyb-w01,1,a5,A,Provable Compliant,1,hybrid,warmup,1,SAFE,38643,False,0,38643,38.643,1740,COMPLIANT,COMPLIANT,True,NONE,0,0,0,0,0,success,9b2ca4e8bfdd49875e47ed04c4c6e8f3f11d9bd4abe066f44dde72392c3cae3b,833923e85039a9e4e70c159d28396673db94a91b5a2abf062ad6c6432d2413aa,270403272d736ae7aee2ceda3bf8d088b6ac0cb476bb99ce0218dd8f33c3c603,research/experiments/results/e4/raw/runs/run-010-e4-a5-hyb-w01
11,e4-a6-sym-w01,1,a6,A,Provable Compliant,1,symbolic_only,warmup,1,NONE,0,False,692124,692124,692.124,679,COMPLIANT,COMPLIANT,True,9794b744-e1fd-4844-aab3-30a023b8b39d,1,0,12780,1,0,success,cb8bd929a99fe568b192efbbd6742c0adb474bbea12f5ffceff999c94b1bf4b4,60b146058a4a1389ca16d81def94d88f7fbeef981fae7f86077258d8d50fa64f,270403272d736ae7aee2ceda3bf8d088b6ac0cb476bb99ce0218dd8f33c3c603,research/experiments/results/e4/raw/runs/run-011-e4-a6-sym-w01
12,e4-a6-hyb-w01,1,a6,A,Provable Compliant,1,hybrid,warmup,1,SAFE,34901,False,0,34901,34.901,1736,COMPLIANT,COMPLIANT,True,NONE,0,0,0,0,0,success,cb8bd929a99fe568b192efbbd6742c0adb474bbea12f5ffceff999c94b1bf4b4,60b146058a4a1389ca16d81def94d88f7fbeef981fae7f86077258d8d50fa64f,270403272d736ae7aee2ceda3bf8d088b6ac0cb476bb99ce0218dd8f33c3c603,research/experiments/results/e4/raw/runs/run-012-e4-a6-hyb-w01
13,e4-b1-sym-w01,1,b1,B,Uncertain Compliant,2,symbolic_only,warmup,1,NONE,0,False,691679,691679,691.679,585,COMPLIANT,COMPLIANT,True,8ca46cb8-65d2-4ae5-9b23-413a52423e97,2,0,12811,2,0,success,e8022df63f9d8fd39d7f5f1c463e027e3db50edd6edf7405d4aac173659f06cd,fb95faa51b5eef338fdad8ee9b3ffa6cd965433ed4a1c991e83c85674b7c1350,270403272d736ae7aee2ceda3bf8d088b6ac0cb476bb99ce0218dd8f33c3c603,research/experiments/results/e4/raw/runs/run-013-e4-b1-sym-w01
14,e4-b1-hyb-w01,1,b1,B,Uncertain Compliant,2,hybrid,warmup,1,UNKNOWN,55081,True,698195,753276,753.276,2666,COMPLIANT,COMPLIANT,True,2fc687de-d936-4d13-aa6f-a8190580087d,2,0,12811,2,0,success,e8022df63f9d8fd39d7f5f1c463e027e3db50edd6edf7405d4aac173659f06cd,fb95faa51b5eef338fdad8ee9b3ffa6cd965433ed4a1c991e83c85674b7c1350,270403272d736ae7aee2ceda3bf8d088b6ac0cb476bb99ce0218dd8f33c3c603,research/experiments/results/e4/raw/runs/run-014-e4-b1-hyb-w01
15,e4-b2-hyb-w01,1,b2,B,Uncertain Compliant,2,hybrid,warmup,1,UNKNOWN,45978,True,698992,744970,744.97,2125,COMPLIANT,COMPLIANT,True,dc61d479-ec8e-46f1-af7a-7201c1570db8,2,0,12811,2,0,success,82b933ac24404967490bfd720cee41dcce96e653be5b49263613ef7edc481672,f0f1d2e7aceef4c4ce77a19423fbb798d169877bfb0d55e5ba1e34f7786ab7bd,270403272d736ae7aee2ceda3bf8d088b6ac0cb476bb99ce0218dd8f33c3c603,research/experiments/results/e4/raw/runs/run-015-e4-b2-hyb-w01
16,e4-b2-sym-w01,1,b2,B,Uncertain Compliant,2,symbolic_only,warmup,1,NONE,0,False,689637,689637,689.637,602,COMPLIANT,COMPLIANT,True,f20f0b2d-bf6d-4c67-bbdc-042fd7f4f6c4,2,0,12811,2,0,success,82b933ac24404967490bfd720cee41dcce96e653be5b49263613ef7edc481672,f0f1d2e7aceef4c4ce77a19423fbb798d169877bfb0d55e5ba1e34f7786ab7bd,270403272d736ae7aee2ceda3bf8d088b6ac0cb476bb99ce0218dd8f33c3c603,research/experiments/results/e4/raw/runs/run-016-e4-b2-sym-w01
17,e4-b3-hyb-w01,1,b3,B,Uncertain Compliant,4,hybrid,warmup,1,UNKNOWN,32802,True,708524,741326,741.326,2463,COMPLIANT,COMPLIANT,True,9f041a07-aa05-4ce9-a257-b8dbb7b39765,4,0,13009,4,0,success,4d74e31d48ac69142db1a745c2dc8ee2730b2eae91cd02b503f1ee13dd914695,5819ee511bcdce3287ab7a7ed5f7422e2735ed21308d265e7591d048bddac580,270403272d736ae7aee2ceda3bf8d088b6ac0cb476bb99ce0218dd8f33c3c603,research/experiments/results/e4/raw/runs/run-017-e4-b3-hyb-w01
18,e4-b3-sym-w01,1,b3,B,Uncertain Compliant,4,symbolic_only,warmup,1,NONE,0,False,710785,710785,710.785,486,COMPLIANT,COMPLIANT,True,2a060bf7-c5ab-4b12-b920-a7cde7e866b0,4,0,13009,4,0,success,4d74e31d48ac69142db1a745c2dc8ee2730b2eae91cd02b503f1ee13dd914695,5819ee511bcdce3287ab7a7ed5f7422e2735ed21308d265e7591d048bddac580,270403272d736ae7aee2ceda3bf8d088b6ac0cb476bb99ce0218dd8f33c3c603,research/experiments/results/e4/raw/runs/run-018-e4-b3-sym-w01
19,e4-b4-hyb-w01,1,b4,B,Uncertain Compliant,8,hybrid,warmup,1,UNKNOWN,36554,True,734342,770896,770.896,2744,COMPLIANT,COMPLIANT,True,3bac1bdc-71f0-43db-9b03-1012b6944816,8,0,13389,8,0,success,9879e967a9b4a8cbda673c429880a731032e8133ab5fca4ab309fbf08850f8f7,5a536ce8292d996b0c076ffadfeff24d9ce6e37ad567e31296a55e3c8c7cc365,270403272d736ae7aee2ceda3bf8d088b6ac0cb476bb99ce0218dd8f33c3c603,research/experiments/results/e4/raw/runs/run-019-e4-b4-hyb-w01
20,e4-b4-sym-w01,1,b4,B,Uncertain Compliant,8,symbolic_only,warmup,1,NONE,0,False,733442,733442,733.442,439,COMPLIANT,COMPLIANT,True,295e0eb9-1b6c-405e-97aa-b3580db8460a,8,0,13389,8,0,success,9879e967a9b4a8cbda673c429880a731032e8133ab5fca4ab309fbf08850f8f7,5a536ce8292d996b0c076ffadfeff24d9ce6e37ad567e31296a55e3c8c7cc365,270403272d736ae7aee2ceda3bf8d088b6ac0cb476bb99ce0218dd8f33c3c603,research/experiments/results/e4/raw/runs/run-020-e4-b4-sym-w01
21,e4-b5-hyb-w01,1,b5,B,Uncertain Compliant,16,hybrid,warmup,1,UNKNOWN,36894,True,808763,845657,845.657,2880,COMPLIANT,COMPLIANT,True,700d8f88-3976-4b99-a930-a952eb5c60f4,16,0,14149,16,0,success,7a1ed578acd248ff33f53abc660b2760dc159f76ceb8cefce67ea29f1dbf0b76,eac933d8779c23116afa822902e219156037f28f0ccdd6daaba70e6fff0c82f2,270403272d736ae7aee2ceda3bf8d088b6ac0cb476bb99ce0218dd8f33c3c603,research/experiments/results/e4/raw/runs/run-021-e4-b5-hyb-w01
22,e4-b5-sym-w01,1,b5,B,Uncertain Compliant,16,symbolic_only,warmup,1,NONE,0,False,823262,823262,823.262,576,COMPLIANT,COMPLIANT,True,62307733-5310-4466-8c84-2f529c7a08b3,16,0,14149,16,0,success,7a1ed578acd248ff33f53abc660b2760dc159f76ceb8cefce67ea29f1dbf0b76,eac933d8779c23116afa822902e219156037f28f0ccdd6daaba70e6fff0c82f2,270403272d736ae7aee2ceda3bf8d088b6ac0cb476bb99ce0218dd8f33c3c603,research/experiments/results/e4/raw/runs/run-022-e4-b5-sym-w01
23,e4-b6-sym-w01,1,b6,B,Uncertain Compliant,32,symbolic_only,warmup,1,NONE,0,False,901768,901768,901.768,462,COMPLIANT,COMPLIANT,True,fc0e54ed-d298-4c3b-90e2-14c75d5fa43d,32,0,15669,32,0,success,f0689a73c23d5c0f941560ec320ef94fb3e3606c45535dfbba2cd6d7d3a7c6ea,4844435af8708232beb8297750e352df11ba463fb893228bbd1ce8951fe6a3fa,270403272d736ae7aee2ceda3bf8d088b6ac0cb476bb99ce0218dd8f33c3c603,research/experiments/results/e4/raw/runs/run-023-e4-b6-sym-w01
24,e4-b6-hyb-w01,1,b6,B,Uncertain Compliant,32,hybrid,warmup,1,UNKNOWN,47646,True,893207,940853,940.853,2369,COMPLIANT,COMPLIANT,True,01751848-6e38-44fa-b852-65276de77d3b,32,0,15669,32,0,success,f0689a73c23d5c0f941560ec320ef94fb3e3606c45535dfbba2cd6d7d3a7c6ea,4844435af8708232beb8297750e352df11ba463fb893228bbd1ce8951fe6a3fa,270403272d736ae7aee2ceda3bf8d088b6ac0cb476bb99ce0218dd8f33c3c603,research/experiments/results/e4/raw/runs/run-024-e4-b6-hyb-w01
25,e4-c1-hyb-w01,1,c1,C,Provable Violation,1,hybrid,warmup,1,VIOLATION,32000,False,0,32000,32.0,1612,POLICY VIOLATION,POLICY VIOLATION,True,NONE,0,0,0,0,0,success,1c031ad911d3996684367291bb0a7bfbb66916aa7de7c87600e5aab80eb2053d,d6a1ceab0a167d80255aa7ba022314c70b73173bd0022218fdb726cf1fb9e5e2,270403272d736ae7aee2ceda3bf8d088b6ac0cb476bb99ce0218dd8f33c3c603,research/experiments/results/e4/raw/runs/run-025-e4-c1-hyb-w01
26,e4-c1-sym-w01,1,c1,C,Provable Violation,1,symbolic_only,warmup,1,NONE,0,False,665081,665081,665.081,537,POLICY VIOLATION,POLICY VIOLATION,True,4a2dce7a-354c-4b6d-b05f-e3e06780ffae,1,0,12703,0,0,success,1c031ad911d3996684367291bb0a7bfbb66916aa7de7c87600e5aab80eb2053d,d6a1ceab0a167d80255aa7ba022314c70b73173bd0022218fdb726cf1fb9e5e2,270403272d736ae7aee2ceda3bf8d088b6ac0cb476bb99ce0218dd8f33c3c603,research/experiments/results/e4/raw/runs/run-026-e4-c1-sym-w01
27,e4-c2-hyb-w01,1,c2,C,Provable Violation,1,hybrid,warmup,1,VIOLATION,33061,False,0,33061,33.061,1417,POLICY VIOLATION,POLICY VIOLATION,True,NONE,0,0,0,0,0,success,23668b6ce0e8c902fce01b534c941b4bff5614b733f56b5616f36aa80224cd42,a2bea244afc287c6e2da021d7845f058806a3ee24f91436c2081c3d34b4e6ef1,270403272d736ae7aee2ceda3bf8d088b6ac0cb476bb99ce0218dd8f33c3c603,research/experiments/results/e4/raw/runs/run-027-e4-c2-hyb-w01
28,e4-c2-sym-w01,1,c2,C,Provable Violation,1,symbolic_only,warmup,1,NONE,0,False,664926,664926,664.926,600,POLICY VIOLATION,POLICY VIOLATION,True,db1f9e27-aaae-4987-8537-b092c25ff555,1,0,12703,0,0,success,23668b6ce0e8c902fce01b534c941b4bff5614b733f56b5616f36aa80224cd42,a2bea244afc287c6e2da021d7845f058806a3ee24f91436c2081c3d34b4e6ef1,270403272d736ae7aee2ceda3bf8d088b6ac0cb476bb99ce0218dd8f33c3c603,research/experiments/results/e4/raw/runs/run-028-e4-c2-sym-w01
29,e4-c3-sym-w01,1,c3,C,Provable Violation,1,symbolic_only,warmup,1,NONE,0,False,688195,688195,688.195,596,POLICY VIOLATION,POLICY VIOLATION,True,3acdf66a-84c4-49b0-8f7c-512bb558c5de,1,0,12703,0,0,success,406bf3f97c8cd682a652fc92940888a871b47e126d167b848c47cfc8391cafad,085df780e31d965efd5261c68b524bbe0c1951a2b85429931ad374eb8d3232d5,270403272d736ae7aee2ceda3bf8d088b6ac0cb476bb99ce0218dd8f33c3c603,research/experiments/results/e4/raw/runs/run-029-e4-c3-sym-w01
30,e4-c3-hyb-w01,1,c3,C,Provable Violation,1,hybrid,warmup,1,VIOLATION,34481,False,0,34481,34.481,2032,POLICY VIOLATION,POLICY VIOLATION,True,NONE,0,0,0,0,0,success,406bf3f97c8cd682a652fc92940888a871b47e126d167b848c47cfc8391cafad,085df780e31d965efd5261c68b524bbe0c1951a2b85429931ad374eb8d3232d5,270403272d736ae7aee2ceda3bf8d088b6ac0cb476bb99ce0218dd8f33c3c603,research/experiments/results/e4/raw/runs/run-030-e4-c3-hyb-w01
31,e4-c4-sym-w01,1,c4,C,Provable Violation,1,symbolic_only,warmup,1,NONE,0,False,680902,680902,680.902,605,POLICY VIOLATION,POLICY VIOLATION,True,52f97d41-e99e-49b5-a0e6-a15fa71a7b8d,1,0,12718,1,0,success,be4d57db9f42690836ee331784fe922a9fa593e4cec4046e862bed7ef28755ca,0a996dcf4f20aa4ee7218f0ed8a7b9d7504f422b57ffd09278a699ad748a414c,270403272d736ae7aee2ceda3bf8d088b6ac0cb476bb99ce0218dd8f33c3c603,research/experiments/results/e4/raw/runs/run-031-e4-c4-sym-w01
32,e4-c4-hyb-w01,1,c4,C,Provable Violation,1,hybrid,warmup,1,VIOLATION,34069,False,0,34069,34.069,1461,POLICY VIOLATION,POLICY VIOLATION,True,NONE,0,0,0,0,0,success,be4d57db9f42690836ee331784fe922a9fa593e4cec4046e862bed7ef28755ca,0a996dcf4f20aa4ee7218f0ed8a7b9d7504f422b57ffd09278a699ad748a414c,270403272d736ae7aee2ceda3bf8d088b6ac0cb476bb99ce0218dd8f33c3c603,research/experiments/results/e4/raw/runs/run-032-e4-c4-hyb-w01
33,e4-c5-hyb-w01,1,c5,C,Provable Violation,1,hybrid,warmup,1,VIOLATION,34256,False,0,34256,34.256,1594,POLICY VIOLATION,POLICY VIOLATION,True,NONE,0,0,0,0,0,success,c5f374e0b62b032fe5eb90261d9e91a4567ad000bb5fa87d82ae880c17d2dea5,eab4a175f3742333528356ac6542b45a4eb8f5124ec45bd40194073f2e4a32b6,270403272d736ae7aee2ceda3bf8d088b6ac0cb476bb99ce0218dd8f33c3c603,research/experiments/results/e4/raw/runs/run-033-e4-c5-hyb-w01
34,e4-c5-sym-w01,1,c5,C,Provable Violation,1,symbolic_only,warmup,1,NONE,0,False,687956,687956,687.956,441,POLICY VIOLATION,POLICY VIOLATION,True,15b00128-0ee1-4ff8-b94d-2ba9df9884de,1,0,12732,1,0,success,c5f374e0b62b032fe5eb90261d9e91a4567ad000bb5fa87d82ae880c17d2dea5,eab4a175f3742333528356ac6542b45a4eb8f5124ec45bd40194073f2e4a32b6,270403272d736ae7aee2ceda3bf8d088b6ac0cb476bb99ce0218dd8f33c3c603,research/experiments/results/e4/raw/runs/run-034-e4-c5-sym-w01
35,e4-c6-sym-w01,1,c6,C,Provable Violation,1,symbolic_only,warmup,1,NONE,0,False,680718,680718,680.718,588,POLICY VIOLATION,POLICY VIOLATION,True,c6b603a9-d68d-4f6c-a94c-f340521b2b28,1,0,12746,1,0,success,f74120677cb8d92d4725a9c5cb2679ae43fd49dabedc2ee99b71b23318f5d7f4,51ead398a1a6e6281bcbeb4057df283dd6282b95299b660c4728dba300b7821a,270403272d736ae7aee2ceda3bf8d088b6ac0cb476bb99ce0218dd8f33c3c603,research/experiments/results/e4/raw/runs/run-035-e4-c6-sym-w01
36,e4-c6-hyb-w01,1,c6,C,Provable Violation,1,hybrid,warmup,1,VIOLATION,56282,False,0,56282,56.282,3308,POLICY VIOLATION,POLICY VIOLATION,True,NONE,0,0,0,0,0,success,f74120677cb8d92d4725a9c5cb2679ae43fd49dabedc2ee99b71b23318f5d7f4,51ead398a1a6e6281bcbeb4057df283dd6282b95299b660c4728dba300b7821a,270403272d736ae7aee2ceda3bf8d088b6ac0cb476bb99ce0218dd8f33c3c603,research/experiments/results/e4/raw/runs/run-036-e4-c6-hyb-w01
37,e4-d1-sym-w01,1,d1,D,Symbolic Violation,2,symbolic_only,warmup,1,NONE,0,False,707318,707318,707.318,580,POLICY VIOLATION,POLICY VIOLATION,True,0e2ef178-decc-445a-bfb3-f35eae1fcc52,2,0,12804,2,0,success,e8f4abe4784a922f49d7755eb61c77828bb049d624b8983921f218e191b07d58,de480574ea955b9d273ecfbd0e39d5c5a7c6421d1070d1a4bcd6a50a861f244c,270403272d736ae7aee2ceda3bf8d088b6ac0cb476bb99ce0218dd8f33c3c603,research/experiments/results/e4/raw/runs/run-037-e4-d1-sym-w01
38,e4-d1-hyb-w01,1,d1,D,Symbolic Violation,2,hybrid,warmup,1,UNKNOWN,34424,True,690742,725166,725.166,1901,POLICY VIOLATION,POLICY VIOLATION,True,bbec9f19-4900-4a89-8840-7e31aa827199,2,0,12804,2,0,success,e8f4abe4784a922f49d7755eb61c77828bb049d624b8983921f218e191b07d58,de480574ea955b9d273ecfbd0e39d5c5a7c6421d1070d1a4bcd6a50a861f244c,270403272d736ae7aee2ceda3bf8d088b6ac0cb476bb99ce0218dd8f33c3c603,research/experiments/results/e4/raw/runs/run-038-e4-d1-hyb-w01
39,e4-d2-hyb-w01,1,d2,D,Symbolic Violation,2,hybrid,warmup,1,UNKNOWN,31898,True,686163,718061,718.061,2298,POLICY VIOLATION,POLICY VIOLATION,True,5b82f629-9972-4e14-a70c-624ad119d1d8,2,0,12804,2,0,success,93811a8083f08a96a92238396d04235345330f1735a7f81b706c5e9222df071e,d43770c56ce04f6743b96b9a2d5ae747f1d187f3db42daf852755d8cc4d6c4bd,270403272d736ae7aee2ceda3bf8d088b6ac0cb476bb99ce0218dd8f33c3c603,research/experiments/results/e4/raw/runs/run-039-e4-d2-hyb-w01
40,e4-d2-sym-w01,1,d2,D,Symbolic Violation,2,symbolic_only,warmup,1,NONE,0,False,696164,696164,696.164,551,POLICY VIOLATION,POLICY VIOLATION,True,12724a7a-753e-4e2f-8956-fe1153c243cf,2,0,12804,2,0,success,93811a8083f08a96a92238396d04235345330f1735a7f81b706c5e9222df071e,d43770c56ce04f6743b96b9a2d5ae747f1d187f3db42daf852755d8cc4d6c4bd,270403272d736ae7aee2ceda3bf8d088b6ac0cb476bb99ce0218dd8f33c3c603,research/experiments/results/e4/raw/runs/run-040-e4-d2-sym-w01
41,e4-d3-sym-w01,1,d3,D,Symbolic Violation,4,symbolic_only,warmup,1,NONE,0,False,698372,698372,698.372,504,POLICY VIOLATION,POLICY VIOLATION,True,1a93467a-fcc8-413e-8d4b-aa91480759d0,2,0,12804,2,0,success,062f281449b23d9f9340d127a55af0b8696a13311497cd128ec6ad3d2925cc6f,b4d0639980dffdbd3cd5d0dedcef3db54822237a9543208513455db9c95031c5,270403272d736ae7aee2ceda3bf8d088b6ac0cb476bb99ce0218dd8f33c3c603,research/experiments/results/e4/raw/runs/run-041-e4-d3-sym-w01
42,e4-d3-hyb-w01,1,d3,D,Symbolic Violation,4,hybrid,warmup,1,UNKNOWN,33428,True,685768,719196,719.196,2554,POLICY VIOLATION,POLICY VIOLATION,True,1f434619-1826-4eff-a1ae-1ed6347c4cbe,2,0,12804,2,0,success,062f281449b23d9f9340d127a55af0b8696a13311497cd128ec6ad3d2925cc6f,b4d0639980dffdbd3cd5d0dedcef3db54822237a9543208513455db9c95031c5,270403272d736ae7aee2ceda3bf8d088b6ac0cb476bb99ce0218dd8f33c3c603,research/experiments/results/e4/raw/runs/run-042-e4-d3-hyb-w01
43,e4-d4-sym-w01,1,d4,D,Symbolic Violation,8,symbolic_only,warmup,1,NONE,0,False,687127,687127,687.127,438,POLICY VIOLATION,POLICY VIOLATION,True,0d52edec-4d63-430d-b477-e9a6c872b1c3,2,0,12804,2,0,success,612b01a0a59da13c4560018f22a4c83082a627ddc4fa1757c0a1b8dd10b5af5d,57184dd8a4623696440b54f78f23b8f1628c16c06edcfaf589874680f5865f3d,270403272d736ae7aee2ceda3bf8d088b6ac0cb476bb99ce0218dd8f33c3c603,research/experiments/results/e4/raw/runs/run-043-e4-d4-sym-w01
44,e4-d4-hyb-w01,1,d4,D,Symbolic Violation,8,hybrid,warmup,1,UNKNOWN,31904,True,683862,715766,715.766,2177,POLICY VIOLATION,POLICY VIOLATION,True,f25f5391-7a43-4b81-9c49-ee00f6f07e8f,2,0,12804,2,0,success,612b01a0a59da13c4560018f22a4c83082a627ddc4fa1757c0a1b8dd10b5af5d,57184dd8a4623696440b54f78f23b8f1628c16c06edcfaf589874680f5865f3d,270403272d736ae7aee2ceda3bf8d088b6ac0cb476bb99ce0218dd8f33c3c603,research/experiments/results/e4/raw/runs/run-044-e4-d4-hyb-w01
45,e4-d5-hyb-w01,1,d5,D,Symbolic Violation,16,hybrid,warmup,1,UNKNOWN,33762,True,694271,728033,728.033,2144,POLICY VIOLATION,POLICY VIOLATION,True,94edbd8f-32d8-485d-b61d-bd27327a0ffb,2,0,12804,2,0,success,1c6f773d5e6af632d9090b4954df80671727997c09d6476efe6439beb1b23465,cb87ad04d7742795888acde9f608ca31c4279f281d11050319d17e0f6d0a2dc3,270403272d736ae7aee2ceda3bf8d088b6ac0cb476bb99ce0218dd8f33c3c603,research/experiments/results/e4/raw/runs/run-045-e4-d5-hyb-w01
46,e4-d5-sym-w01,1,d5,D,Symbolic Violation,16,symbolic_only,warmup,1,NONE,0,False,695573,695573,695.573,443,POLICY VIOLATION,POLICY VIOLATION,True,746b55a0-af01-426a-8d54-e394b7ce679d,2,0,12804,2,0,success,1c6f773d5e6af632d9090b4954df80671727997c09d6476efe6439beb1b23465,cb87ad04d7742795888acde9f608ca31c4279f281d11050319d17e0f6d0a2dc3,270403272d736ae7aee2ceda3bf8d088b6ac0cb476bb99ce0218dd8f33c3c603,research/experiments/results/e4/raw/runs/run-046-e4-d5-sym-w01
47,e4-d6-hyb-w01,1,d6,D,Symbolic Violation,32,hybrid,warmup,1,UNKNOWN,123076,True,678660,801736,801.736,2380,POLICY VIOLATION,POLICY VIOLATION,True,c33f4a9c-1184-4f93-8eb1-d14a76755354,2,0,12804,2,0,success,58f9150e1f16a441da9249b28b870ce4b1dc9566fe4ca31ecdc3a3e733df4893,fb59f1e91dfa860ff91e6f8cd847d708923f3854809c9dd3b16c7e0457a394a0,270403272d736ae7aee2ceda3bf8d088b6ac0cb476bb99ce0218dd8f33c3c603,research/experiments/results/e4/raw/runs/run-047-e4-d6-hyb-w01
48,e4-d6-sym-w01,1,d6,D,Symbolic Violation,32,symbolic_only,warmup,1,NONE,0,False,687653,687653,687.653,422,POLICY VIOLATION,POLICY VIOLATION,True,b4fa6341-306c-43e9-acf9-67c7ac99cd32,2,0,12804,2,0,success,58f9150e1f16a441da9249b28b870ce4b1dc9566fe4ca31ecdc3a3e733df4893,fb59f1e91dfa860ff91e6f8cd847d708923f3854809c9dd3b16c7e0457a394a0,270403272d736ae7aee2ceda3bf8d088b6ac0cb476bb99ce0218dd8f33c3c603,research/experiments/results/e4/raw/runs/run-048-e4-d6-sym-w01
49,e4-a1-sym-w02,2,a1,A,Provable Compliant,1,symbolic_only,warmup,2,NONE,0,False,679698,679698,679.698,459,COMPLIANT,COMPLIANT,True,6209884f-9f67-4640-869d-ba7966dc6f2e,1,0,12695,0,0,success,cd2e9241582690fe6560e3ec50707646d771ea3b71ac87d362cc2a7cf71eeffa,afdf76a0a4465ad311a341f5b9312804dbc313d23b656b65297bcb80c489b1a7,270403272d736ae7aee2ceda3bf8d088b6ac0cb476bb99ce0218dd8f33c3c603,research/experiments/results/e4/raw/runs/run-049-e4-a1-sym-w02
50,e4-a1-hyb-w02,2,a1,A,Provable Compliant,1,hybrid,warmup,2,SAFE,33078,False,0,33078,33.078,1293,COMPLIANT,COMPLIANT,True,NONE,0,0,0,0,0,success,cd2e9241582690fe6560e3ec50707646d771ea3b71ac87d362cc2a7cf71eeffa,afdf76a0a4465ad311a341f5b9312804dbc313d23b656b65297bcb80c489b1a7,270403272d736ae7aee2ceda3bf8d088b6ac0cb476bb99ce0218dd8f33c3c603,research/experiments/results/e4/raw/runs/run-050-e4-a1-hyb-w02
51,e4-a2-hyb-w02,2,a2,A,Provable Compliant,1,hybrid,warmup,2,SAFE,41479,False,0,41479,41.479,1573,COMPLIANT,COMPLIANT,True,NONE,0,0,0,0,0,success,91b6ceff73cd825370ecc13aa0e0776fa6d9c48b9555cc8afb5e66bda072b017,9dc5de0fd13a0d6a8104849d86653ed5790f140dda8cd1b7c0407c623963c8c7,270403272d736ae7aee2ceda3bf8d088b6ac0cb476bb99ce0218dd8f33c3c603,research/experiments/results/e4/raw/runs/run-051-e4-a2-hyb-w02
52,e4-a2-sym-w02,2,a2,A,Provable Compliant,1,symbolic_only,warmup,2,NONE,0,False,678352,678352,678.352,560,COMPLIANT,COMPLIANT,True,3802bed5-ad7e-410e-a90b-268b79733011,1,0,12695,0,0,success,91b6ceff73cd825370ecc13aa0e0776fa6d9c48b9555cc8afb5e66bda072b017,9dc5de0fd13a0d6a8104849d86653ed5790f140dda8cd1b7c0407c623963c8c7,270403272d736ae7aee2ceda3bf8d088b6ac0cb476bb99ce0218dd8f33c3c603,research/experiments/results/e4/raw/runs/run-052-e4-a2-sym-w02
53,e4-a3-hyb-w02,2,a3,A,Provable Compliant,1,hybrid,warmup,2,SAFE,34663,False,0,34663,34.663,1421,COMPLIANT,COMPLIANT,True,NONE,0,0,0,0,0,success,59bd40b3104cdae5842104c56da6e19128a4e6bc5f9ec5a6495603f984631dcc,df252c1e63a2bbbbb661bbea3de41e44367397f62a660378584b07f22eb42f27,270403272d736ae7aee2ceda3bf8d088b6ac0cb476bb99ce0218dd8f33c3c603,research/experiments/results/e4/raw/runs/run-053-e4-a3-hyb-w02
54,e4-a3-sym-w02,2,a3,A,Provable Compliant,1,symbolic_only,warmup,2,NONE,0,False,683768,683768,683.768,435,COMPLIANT,COMPLIANT,True,99131ecc-aa67-44af-9c20-169cd62f413f,1,0,12710,1,0,success,59bd40b3104cdae5842104c56da6e19128a4e6bc5f9ec5a6495603f984631dcc,df252c1e63a2bbbbb661bbea3de41e44367397f62a660378584b07f22eb42f27,270403272d736ae7aee2ceda3bf8d088b6ac0cb476bb99ce0218dd8f33c3c603,research/experiments/results/e4/raw/runs/run-054-e4-a3-sym-w02
55,e4-a4-hyb-w02,2,a4,A,Provable Compliant,1,hybrid,warmup,2,SAFE,63806,False,0,63806,63.806,1898,COMPLIANT,COMPLIANT,True,NONE,0,0,0,0,0,success,7c9996681b7574a9340739201821f8ae20da70d312d9ced0ce7530f9e4942673,c96c78c0957df2931e2424f8f6380d8df1a0826778f7b14a174f08c329160082,270403272d736ae7aee2ceda3bf8d088b6ac0cb476bb99ce0218dd8f33c3c603,research/experiments/results/e4/raw/runs/run-055-e4-a4-hyb-w02
56,e4-a4-sym-w02,2,a4,A,Provable Compliant,1,symbolic_only,warmup,2,NONE,0,False,686053,686053,686.053,481,COMPLIANT,COMPLIANT,True,41059722-4e57-4c4d-9a02-470f5dd26713,1,0,12724,1,0,success,7c9996681b7574a9340739201821f8ae20da70d312d9ced0ce7530f9e4942673,c96c78c0957df2931e2424f8f6380d8df1a0826778f7b14a174f08c329160082,270403272d736ae7aee2ceda3bf8d088b6ac0cb476bb99ce0218dd8f33c3c603,research/experiments/results/e4/raw/runs/run-056-e4-a4-sym-w02
57,e4-a5-sym-w02,2,a5,A,Provable Compliant,1,symbolic_only,warmup,2,NONE,0,False,674609,674609,674.609,445,COMPLIANT,COMPLIANT,True,9d86c94f-be28-4cc4-8c35-668981cdda27,1,0,12752,1,0,success,9b2ca4e8bfdd49875e47ed04c4c6e8f3f11d9bd4abe066f44dde72392c3cae3b,833923e85039a9e4e70c159d28396673db94a91b5a2abf062ad6c6432d2413aa,270403272d736ae7aee2ceda3bf8d088b6ac0cb476bb99ce0218dd8f33c3c603,research/experiments/results/e4/raw/runs/run-057-e4-a5-sym-w02
58,e4-a5-hyb-w02,2,a5,A,Provable Compliant,1,hybrid,warmup,2,SAFE,47070,False,0,47070,47.07,1844,COMPLIANT,COMPLIANT,True,NONE,0,0,0,0,0,success,9b2ca4e8bfdd49875e47ed04c4c6e8f3f11d9bd4abe066f44dde72392c3cae3b,833923e85039a9e4e70c159d28396673db94a91b5a2abf062ad6c6432d2413aa,270403272d736ae7aee2ceda3bf8d088b6ac0cb476bb99ce0218dd8f33c3c603,research/experiments/results/e4/raw/runs/run-058-e4-a5-hyb-w02
59,e4-a6-sym-w02,2,a6,A,Provable Compliant,1,symbolic_only,warmup,2,NONE,0,False,681031,681031,681.031,499,COMPLIANT,COMPLIANT,True,70fab747-a8e4-42a8-80c8-79dc4b3514e2,1,0,12780,1,0,success,cb8bd929a99fe568b192efbbd6742c0adb474bbea12f5ffceff999c94b1bf4b4,60b146058a4a1389ca16d81def94d88f7fbeef981fae7f86077258d8d50fa64f,270403272d736ae7aee2ceda3bf8d088b6ac0cb476bb99ce0218dd8f33c3c603,research/experiments/results/e4/raw/runs/run-059-e4-a6-sym-w02
60,e4-a6-hyb-w02,2,a6,A,Provable Compliant,1,hybrid,warmup,2,SAFE,34540,False,0,34540,34.54,1947,COMPLIANT,COMPLIANT,True,NONE,0,0,0,0,0,success,cb8bd929a99fe568b192efbbd6742c0adb474bbea12f5ffceff999c94b1bf4b4,60b146058a4a1389ca16d81def94d88f7fbeef981fae7f86077258d8d50fa64f,270403272d736ae7aee2ceda3bf8d088b6ac0cb476bb99ce0218dd8f33c3c603,research/experiments/results/e4/raw/runs/run-060-e4-a6-hyb-w02
61,e4-b1-sym-w02,2,b1,B,Uncertain Compliant,2,symbolic_only,warmup,2,NONE,0,False,789497,789497,789.497,584,COMPLIANT,COMPLIANT,True,8d60a407-9a5d-4cca-a8aa-87930cdcd965,2,0,12811,2,0,success,e8022df63f9d8fd39d7f5f1c463e027e3db50edd6edf7405d4aac173659f06cd,fb95faa51b5eef338fdad8ee9b3ffa6cd965433ed4a1c991e83c85674b7c1350,270403272d736ae7aee2ceda3bf8d088b6ac0cb476bb99ce0218dd8f33c3c603,research/experiments/results/e4/raw/runs/run-061-e4-b1-sym-w02
62,e4-b1-hyb-w02,2,b1,B,Uncertain Compliant,2,hybrid,warmup,2,UNKNOWN,35282,True,678564,713846,713.846,2709,COMPLIANT,COMPLIANT,True,acf3532d-fe5b-459b-9250-ea44ffd05ce4,2,0,12811,2,0,success,e8022df63f9d8fd39d7f5f1c463e027e3db50edd6edf7405d4aac173659f06cd,fb95faa51b5eef338fdad8ee9b3ffa6cd965433ed4a1c991e83c85674b7c1350,270403272d736ae7aee2ceda3bf8d088b6ac0cb476bb99ce0218dd8f33c3c603,research/experiments/results/e4/raw/runs/run-062-e4-b1-hyb-w02
63,e4-b2-sym-w02,2,b2,B,Uncertain Compliant,2,symbolic_only,warmup,2,NONE,0,False,696241,696241,696.241,432,COMPLIANT,COMPLIANT,True,db8ccd43-a268-4cb4-8718-e3e1911f9a2b,2,0,12811,2,0,success,82b933ac24404967490bfd720cee41dcce96e653be5b49263613ef7edc481672,f0f1d2e7aceef4c4ce77a19423fbb798d169877bfb0d55e5ba1e34f7786ab7bd,270403272d736ae7aee2ceda3bf8d088b6ac0cb476bb99ce0218dd8f33c3c603,research/experiments/results/e4/raw/runs/run-063-e4-b2-sym-w02
64,e4-b2-hyb-w02,2,b2,B,Uncertain Compliant,2,hybrid,warmup,2,UNKNOWN,36745,True,692173,728918,728.918,2400,COMPLIANT,COMPLIANT,True,c1e0b7cc-fb9c-4501-b533-6db05f7e0097,2,0,12811,2,0,success,82b933ac24404967490bfd720cee41dcce96e653be5b49263613ef7edc481672,f0f1d2e7aceef4c4ce77a19423fbb798d169877bfb0d55e5ba1e34f7786ab7bd,270403272d736ae7aee2ceda3bf8d088b6ac0cb476bb99ce0218dd8f33c3c603,research/experiments/results/e4/raw/runs/run-064-e4-b2-hyb-w02
65,e4-b3-sym-w02,2,b3,B,Uncertain Compliant,4,symbolic_only,warmup,2,NONE,0,False,701592,701592,701.592,438,COMPLIANT,COMPLIANT,True,a7cee77d-0166-4e61-b262-43bdfe4cfea0,4,0,13009,4,0,success,4d74e31d48ac69142db1a745c2dc8ee2730b2eae91cd02b503f1ee13dd914695,5819ee511bcdce3287ab7a7ed5f7422e2735ed21308d265e7591d048bddac580,270403272d736ae7aee2ceda3bf8d088b6ac0cb476bb99ce0218dd8f33c3c603,research/experiments/results/e4/raw/runs/run-065-e4-b3-sym-w02
66,e4-b3-hyb-w02,2,b3,B,Uncertain Compliant,4,hybrid,warmup,2,UNKNOWN,33546,True,702080,735626,735.626,2519,COMPLIANT,COMPLIANT,True,bb3c6150-8e59-4838-aa89-a48ce23814a6,4,0,13009,4,0,success,4d74e31d48ac69142db1a745c2dc8ee2730b2eae91cd02b503f1ee13dd914695,5819ee511bcdce3287ab7a7ed5f7422e2735ed21308d265e7591d048bddac580,270403272d736ae7aee2ceda3bf8d088b6ac0cb476bb99ce0218dd8f33c3c603,research/experiments/results/e4/raw/runs/run-066-e4-b3-hyb-w02
67,e4-b4-sym-w02,2,b4,B,Uncertain Compliant,8,symbolic_only,warmup,2,NONE,0,False,735041,735041,735.041,517,COMPLIANT,COMPLIANT,True,31f6b4e4-a771-47cc-9c1f-f5ee24b1f06e,8,0,13389,8,0,success,9879e967a9b4a8cbda673c429880a731032e8133ab5fca4ab309fbf08850f8f7,5a536ce8292d996b0c076ffadfeff24d9ce6e37ad567e31296a55e3c8c7cc365,270403272d736ae7aee2ceda3bf8d088b6ac0cb476bb99ce0218dd8f33c3c603,research/experiments/results/e4/raw/runs/run-067-e4-b4-sym-w02
68,e4-b4-hyb-w02,2,b4,B,Uncertain Compliant,8,hybrid,warmup,2,UNKNOWN,46627,True,730456,777083,777.083,2562,COMPLIANT,COMPLIANT,True,1f20d029-06b0-4e1b-8cc7-a1e9f7047b97,8,0,13389,8,0,success,9879e967a9b4a8cbda673c429880a731032e8133ab5fca4ab309fbf08850f8f7,5a536ce8292d996b0c076ffadfeff24d9ce6e37ad567e31296a55e3c8c7cc365,270403272d736ae7aee2ceda3bf8d088b6ac0cb476bb99ce0218dd8f33c3c603,research/experiments/results/e4/raw/runs/run-068-e4-b4-hyb-w02
69,e4-b5-hyb-w02,2,b5,B,Uncertain Compliant,16,hybrid,warmup,2,UNKNOWN,41014,True,787602,828616,828.616,2523,COMPLIANT,COMPLIANT,True,29c20d9f-9231-47cb-aa61-486034ea4e11,16,0,14149,16,0,success,7a1ed578acd248ff33f53abc660b2760dc159f76ceb8cefce67ea29f1dbf0b76,eac933d8779c23116afa822902e219156037f28f0ccdd6daaba70e6fff0c82f2,270403272d736ae7aee2ceda3bf8d088b6ac0cb476bb99ce0218dd8f33c3c603,research/experiments/results/e4/raw/runs/run-069-e4-b5-hyb-w02
70,e4-b5-sym-w02,2,b5,B,Uncertain Compliant,16,symbolic_only,warmup,2,NONE,0,False,789712,789712,789.712,729,COMPLIANT,COMPLIANT,True,32b332b5-7926-4a80-b05b-cf0b2e73827a,16,0,14149,16,0,success,7a1ed578acd248ff33f53abc660b2760dc159f76ceb8cefce67ea29f1dbf0b76,eac933d8779c23116afa822902e219156037f28f0ccdd6daaba70e6fff0c82f2,270403272d736ae7aee2ceda3bf8d088b6ac0cb476bb99ce0218dd8f33c3c603,research/experiments/results/e4/raw/runs/run-070-e4-b5-sym-w02
71,e4-b6-sym-w02,2,b6,B,Uncertain Compliant,32,symbolic_only,warmup,2,NONE,0,False,908921,908921,908.921,813,COMPLIANT,COMPLIANT,True,e59e5cc3-80e3-4fe9-b1b2-3e87f30b240d,32,0,15669,32,0,success,f0689a73c23d5c0f941560ec320ef94fb3e3606c45535dfbba2cd6d7d3a7c6ea,4844435af8708232beb8297750e352df11ba463fb893228bbd1ce8951fe6a3fa,270403272d736ae7aee2ceda3bf8d088b6ac0cb476bb99ce0218dd8f33c3c603,research/experiments/results/e4/raw/runs/run-071-e4-b6-sym-w02
72,e4-b6-hyb-w02,2,b6,B,Uncertain Compliant,32,hybrid,warmup,2,UNKNOWN,39254,True,901381,940635,940.635,2747,COMPLIANT,COMPLIANT,True,e20e6e89-0122-4a44-bf62-5e4184d4a20e,32,0,15669,32,0,success,f0689a73c23d5c0f941560ec320ef94fb3e3606c45535dfbba2cd6d7d3a7c6ea,4844435af8708232beb8297750e352df11ba463fb893228bbd1ce8951fe6a3fa,270403272d736ae7aee2ceda3bf8d088b6ac0cb476bb99ce0218dd8f33c3c603,research/experiments/results/e4/raw/runs/run-072-e4-b6-hyb-w02
73,e4-c1-sym-w02,2,c1,C,Provable Violation,1,symbolic_only,warmup,2,NONE,0,False,673877,673877,673.877,688,POLICY VIOLATION,POLICY VIOLATION,True,6a60699b-0ba3-48c1-bba5-b007eea1afca,1,0,12703,0,0,success,1c031ad911d3996684367291bb0a7bfbb66916aa7de7c87600e5aab80eb2053d,d6a1ceab0a167d80255aa7ba022314c70b73173bd0022218fdb726cf1fb9e5e2,270403272d736ae7aee2ceda3bf8d088b6ac0cb476bb99ce0218dd8f33c3c603,research/experiments/results/e4/raw/runs/run-073-e4-c1-sym-w02
74,e4-c1-hyb-w02,2,c1,C,Provable Violation,1,hybrid,warmup,2,VIOLATION,35230,False,0,35230,35.23,1687,POLICY VIOLATION,POLICY VIOLATION,True,NONE,0,0,0,0,0,success,1c031ad911d3996684367291bb0a7bfbb66916aa7de7c87600e5aab80eb2053d,d6a1ceab0a167d80255aa7ba022314c70b73173bd0022218fdb726cf1fb9e5e2,270403272d736ae7aee2ceda3bf8d088b6ac0cb476bb99ce0218dd8f33c3c603,research/experiments/results/e4/raw/runs/run-074-e4-c1-hyb-w02
75,e4-c2-sym-w02,2,c2,C,Provable Violation,1,symbolic_only,warmup,2,NONE,0,False,690568,690568,690.568,440,POLICY VIOLATION,POLICY VIOLATION,True,8c20414f-8e90-4a7f-8e2c-eaa9090e74ff,1,0,12703,0,0,success,23668b6ce0e8c902fce01b534c941b4bff5614b733f56b5616f36aa80224cd42,a2bea244afc287c6e2da021d7845f058806a3ee24f91436c2081c3d34b4e6ef1,270403272d736ae7aee2ceda3bf8d088b6ac0cb476bb99ce0218dd8f33c3c603,research/experiments/results/e4/raw/runs/run-075-e4-c2-sym-w02
76,e4-c2-hyb-w02,2,c2,C,Provable Violation,1,hybrid,warmup,2,VIOLATION,33357,False,0,33357,33.357,1634,POLICY VIOLATION,POLICY VIOLATION,True,NONE,0,0,0,0,0,success,23668b6ce0e8c902fce01b534c941b4bff5614b733f56b5616f36aa80224cd42,a2bea244afc287c6e2da021d7845f058806a3ee24f91436c2081c3d34b4e6ef1,270403272d736ae7aee2ceda3bf8d088b6ac0cb476bb99ce0218dd8f33c3c603,research/experiments/results/e4/raw/runs/run-076-e4-c2-hyb-w02
77,e4-c3-sym-w02,2,c3,C,Provable Violation,1,symbolic_only,warmup,2,NONE,0,False,670772,670772,670.772,509,POLICY VIOLATION,POLICY VIOLATION,True,b70b8976-5615-4c6f-89c0-bfd14d2f748a,1,0,12703,0,0,success,406bf3f97c8cd682a652fc92940888a871b47e126d167b848c47cfc8391cafad,085df780e31d965efd5261c68b524bbe0c1951a2b85429931ad374eb8d3232d5,270403272d736ae7aee2ceda3bf8d088b6ac0cb476bb99ce0218dd8f33c3c603,research/experiments/results/e4/raw/runs/run-077-e4-c3-sym-w02
78,e4-c3-hyb-w02,2,c3,C,Provable Violation,1,hybrid,warmup,2,VIOLATION,33943,False,0,33943,33.943,1885,POLICY VIOLATION,POLICY VIOLATION,True,NONE,0,0,0,0,0,success,406bf3f97c8cd682a652fc92940888a871b47e126d167b848c47cfc8391cafad,085df780e31d965efd5261c68b524bbe0c1951a2b85429931ad374eb8d3232d5,270403272d736ae7aee2ceda3bf8d088b6ac0cb476bb99ce0218dd8f33c3c603,research/experiments/results/e4/raw/runs/run-078-e4-c3-hyb-w02
79,e4-c4-sym-w02,2,c4,C,Provable Violation,1,symbolic_only,warmup,2,NONE,0,False,662129,662129,662.129,542,POLICY VIOLATION,POLICY VIOLATION,True,387342d7-8b2c-4bd1-a27b-3449ceb983d6,1,0,12718,1,0,success,be4d57db9f42690836ee331784fe922a9fa593e4cec4046e862bed7ef28755ca,0a996dcf4f20aa4ee7218f0ed8a7b9d7504f422b57ffd09278a699ad748a414c,270403272d736ae7aee2ceda3bf8d088b6ac0cb476bb99ce0218dd8f33c3c603,research/experiments/results/e4/raw/runs/run-079-e4-c4-sym-w02
80,e4-c4-hyb-w02,2,c4,C,Provable Violation,1,hybrid,warmup,2,VIOLATION,32877,False,0,32877,32.877,1738,POLICY VIOLATION,POLICY VIOLATION,True,NONE,0,0,0,0,0,success,be4d57db9f42690836ee331784fe922a9fa593e4cec4046e862bed7ef28755ca,0a996dcf4f20aa4ee7218f0ed8a7b9d7504f422b57ffd09278a699ad748a414c,270403272d736ae7aee2ceda3bf8d088b6ac0cb476bb99ce0218dd8f33c3c603,research/experiments/results/e4/raw/runs/run-080-e4-c4-hyb-w02
81,e4-c5-sym-w02,2,c5,C,Provable Violation,1,symbolic_only,warmup,2,NONE,0,False,678281,678281,678.281,540,POLICY VIOLATION,POLICY VIOLATION,True,b0b0bc95-349b-40ab-9118-58401b831731,1,0,12732,1,0,success,c5f374e0b62b032fe5eb90261d9e91a4567ad000bb5fa87d82ae880c17d2dea5,eab4a175f3742333528356ac6542b45a4eb8f5124ec45bd40194073f2e4a32b6,270403272d736ae7aee2ceda3bf8d088b6ac0cb476bb99ce0218dd8f33c3c603,research/experiments/results/e4/raw/runs/run-081-e4-c5-sym-w02
82,e4-c5-hyb-w02,2,c5,C,Provable Violation,1,hybrid,warmup,2,VIOLATION,32220,False,0,32220,32.22,1895,POLICY VIOLATION,POLICY VIOLATION,True,NONE,0,0,0,0,0,success,c5f374e0b62b032fe5eb90261d9e91a4567ad000bb5fa87d82ae880c17d2dea5,eab4a175f3742333528356ac6542b45a4eb8f5124ec45bd40194073f2e4a32b6,270403272d736ae7aee2ceda3bf8d088b6ac0cb476bb99ce0218dd8f33c3c603,research/experiments/results/e4/raw/runs/run-082-e4-c5-hyb-w02
83,e4-c6-hyb-w02,2,c6,C,Provable Violation,1,hybrid,warmup,2,VIOLATION,41498,False,0,41498,41.498,1859,POLICY VIOLATION,POLICY VIOLATION,True,NONE,0,0,0,0,0,success,f74120677cb8d92d4725a9c5cb2679ae43fd49dabedc2ee99b71b23318f5d7f4,51ead398a1a6e6281bcbeb4057df283dd6282b95299b660c4728dba300b7821a,270403272d736ae7aee2ceda3bf8d088b6ac0cb476bb99ce0218dd8f33c3c603,research/experiments/results/e4/raw/runs/run-083-e4-c6-hyb-w02
84,e4-c6-sym-w02,2,c6,C,Provable Violation,1,symbolic_only,warmup,2,NONE,0,False,662096,662096,662.096,523,POLICY VIOLATION,POLICY VIOLATION,True,218e81df-4e04-4dd8-8d3d-4c9b726eef15,1,0,12746,1,0,success,f74120677cb8d92d4725a9c5cb2679ae43fd49dabedc2ee99b71b23318f5d7f4,51ead398a1a6e6281bcbeb4057df283dd6282b95299b660c4728dba300b7821a,270403272d736ae7aee2ceda3bf8d088b6ac0cb476bb99ce0218dd8f33c3c603,research/experiments/results/e4/raw/runs/run-084-e4-c6-sym-w02
85,e4-d1-hyb-w02,2,d1,D,Symbolic Violation,2,hybrid,warmup,2,UNKNOWN,39423,True,705763,745186,745.186,2706,POLICY VIOLATION,POLICY VIOLATION,True,f74d50a1-e041-438c-8fb9-57d9a12105d0,2,0,12804,2,0,success,e8f4abe4784a922f49d7755eb61c77828bb049d624b8983921f218e191b07d58,de480574ea955b9d273ecfbd0e39d5c5a7c6421d1070d1a4bcd6a50a861f244c,270403272d736ae7aee2ceda3bf8d088b6ac0cb476bb99ce0218dd8f33c3c603,research/experiments/results/e4/raw/runs/run-085-e4-d1-hyb-w02
86,e4-d1-sym-w02,2,d1,D,Symbolic Violation,2,symbolic_only,warmup,2,NONE,0,False,693371,693371,693.371,468,POLICY VIOLATION,POLICY VIOLATION,True,1b082575-9a96-4582-b850-32af99883e7a,2,0,12804,2,0,success,e8f4abe4784a922f49d7755eb61c77828bb049d624b8983921f218e191b07d58,de480574ea955b9d273ecfbd0e39d5c5a7c6421d1070d1a4bcd6a50a861f244c,270403272d736ae7aee2ceda3bf8d088b6ac0cb476bb99ce0218dd8f33c3c603,research/experiments/results/e4/raw/runs/run-086-e4-d1-sym-w02
87,e4-d2-hyb-w02,2,d2,D,Symbolic Violation,2,hybrid,warmup,2,UNKNOWN,33486,True,695254,728740,728.74,2529,POLICY VIOLATION,POLICY VIOLATION,True,4e54623f-958b-4637-8431-f391d2b67cbc,2,0,12804,2,0,success,93811a8083f08a96a92238396d04235345330f1735a7f81b706c5e9222df071e,d43770c56ce04f6743b96b9a2d5ae747f1d187f3db42daf852755d8cc4d6c4bd,270403272d736ae7aee2ceda3bf8d088b6ac0cb476bb99ce0218dd8f33c3c603,research/experiments/results/e4/raw/runs/run-087-e4-d2-hyb-w02
88,e4-d2-sym-w02,2,d2,D,Symbolic Violation,2,symbolic_only,warmup,2,NONE,0,False,697600,697600,697.6,559,POLICY VIOLATION,POLICY VIOLATION,True,428e6672-cbcc-44ce-a701-224e75d1cfac,2,0,12804,2,0,success,93811a8083f08a96a92238396d04235345330f1735a7f81b706c5e9222df071e,d43770c56ce04f6743b96b9a2d5ae747f1d187f3db42daf852755d8cc4d6c4bd,270403272d736ae7aee2ceda3bf8d088b6ac0cb476bb99ce0218dd8f33c3c603,research/experiments/results/e4/raw/runs/run-088-e4-d2-sym-w02
89,e4-d3-hyb-w02,2,d3,D,Symbolic Violation,4,hybrid,warmup,2,UNKNOWN,34749,True,703108,737857,737.857,2355,POLICY VIOLATION,POLICY VIOLATION,True,4d654d89-cd8e-4a7e-b5cf-a6e98005aeaf,2,0,12804,2,0,success,062f281449b23d9f9340d127a55af0b8696a13311497cd128ec6ad3d2925cc6f,b4d0639980dffdbd3cd5d0dedcef3db54822237a9543208513455db9c95031c5,270403272d736ae7aee2ceda3bf8d088b6ac0cb476bb99ce0218dd8f33c3c603,research/experiments/results/e4/raw/runs/run-089-e4-d3-hyb-w02
90,e4-d3-sym-w02,2,d3,D,Symbolic Violation,4,symbolic_only,warmup,2,NONE,0,False,722087,722087,722.087,576,POLICY VIOLATION,POLICY VIOLATION,True,104ca02b-0592-43c3-a7ac-5e91bb307252,2,0,12804,2,0,success,062f281449b23d9f9340d127a55af0b8696a13311497cd128ec6ad3d2925cc6f,b4d0639980dffdbd3cd5d0dedcef3db54822237a9543208513455db9c95031c5,270403272d736ae7aee2ceda3bf8d088b6ac0cb476bb99ce0218dd8f33c3c603,research/experiments/results/e4/raw/runs/run-090-e4-d3-sym-w02
91,e4-d4-hyb-w02,2,d4,D,Symbolic Violation,8,hybrid,warmup,2,UNKNOWN,34822,True,699274,734096,734.096,2297,POLICY VIOLATION,POLICY VIOLATION,True,b069b0ba-7efc-4151-b35d-14cb27549318,2,0,12804,2,0,success,612b01a0a59da13c4560018f22a4c83082a627ddc4fa1757c0a1b8dd10b5af5d,57184dd8a4623696440b54f78f23b8f1628c16c06edcfaf589874680f5865f3d,270403272d736ae7aee2ceda3bf8d088b6ac0cb476bb99ce0218dd8f33c3c603,research/experiments/results/e4/raw/runs/run-091-e4-d4-hyb-w02
92,e4-d4-sym-w02,2,d4,D,Symbolic Violation,8,symbolic_only,warmup,2,NONE,0,False,700540,700540,700.54,415,POLICY VIOLATION,POLICY VIOLATION,True,e6002547-340a-42ac-82d9-7e3b92f5623d,2,0,12804,2,0,success,612b01a0a59da13c4560018f22a4c83082a627ddc4fa1757c0a1b8dd10b5af5d,57184dd8a4623696440b54f78f23b8f1628c16c06edcfaf589874680f5865f3d,270403272d736ae7aee2ceda3bf8d088b6ac0cb476bb99ce0218dd8f33c3c603,research/experiments/results/e4/raw/runs/run-092-e4-d4-sym-w02
93,e4-d5-hyb-w02,2,d5,D,Symbolic Violation,16,hybrid,warmup,2,UNKNOWN,34847,True,694406,729253,729.253,2112,POLICY VIOLATION,POLICY VIOLATION,True,a059d01b-7760-4305-8523-8dca63c11490,2,0,12804,2,0,success,1c6f773d5e6af632d9090b4954df80671727997c09d6476efe6439beb1b23465,cb87ad04d7742795888acde9f608ca31c4279f281d11050319d17e0f6d0a2dc3,270403272d736ae7aee2ceda3bf8d088b6ac0cb476bb99ce0218dd8f33c3c603,research/experiments/results/e4/raw/runs/run-093-e4-d5-hyb-w02
94,e4-d5-sym-w02,2,d5,D,Symbolic Violation,16,symbolic_only,warmup,2,NONE,0,False,691942,691942,691.942,467,POLICY VIOLATION,POLICY VIOLATION,True,f2233cc0-dff0-4244-865d-61c32ad78145,2,0,12804,2,0,success,1c6f773d5e6af632d9090b4954df80671727997c09d6476efe6439beb1b23465,cb87ad04d7742795888acde9f608ca31c4279f281d11050319d17e0f6d0a2dc3,270403272d736ae7aee2ceda3bf8d088b6ac0cb476bb99ce0218dd8f33c3c603,research/experiments/results/e4/raw/runs/run-094-e4-d5-sym-w02
95,e4-d6-hyb-w02,2,d6,D,Symbolic Violation,32,hybrid,warmup,2,UNKNOWN,34215,True,693510,727725,727.725,2010,POLICY VIOLATION,POLICY VIOLATION,True,f4771774-7632-4551-b9a3-264115024a9a,2,0,12804,2,0,success,58f9150e1f16a441da9249b28b870ce4b1dc9566fe4ca31ecdc3a3e733df4893,fb59f1e91dfa860ff91e6f8cd847d708923f3854809c9dd3b16c7e0457a394a0,270403272d736ae7aee2ceda3bf8d088b6ac0cb476bb99ce0218dd8f33c3c603,research/experiments/results/e4/raw/runs/run-095-e4-d6-hyb-w02
96,e4-d6-sym-w02,2,d6,D,Symbolic Violation,32,symbolic_only,warmup,2,NONE,0,False,688114,688114,688.114,494,POLICY VIOLATION,POLICY VIOLATION,True,10204776-1cdc-48f5-84aa-86147a8fc68e,2,0,12804,2,0,success,58f9150e1f16a441da9249b28b870ce4b1dc9566fe4ca31ecdc3a3e733df4893,fb59f1e91dfa860ff91e6f8cd847d708923f3854809c9dd3b16c7e0457a394a0,270403272d736ae7aee2ceda3bf8d088b6ac0cb476bb99ce0218dd8f33c3c603,research/experiments/results/e4/raw/runs/run-096-e4-d6-sym-w02
97,e4-a1-sym-m01,3,a1,A,Provable Compliant,1,symbolic_only,measured,1,NONE,0,False,670535,670535,670.535,463,COMPLIANT,COMPLIANT,True,64d89f32-0e15-4d28-8703-c82aea028771,1,0,12695,0,0,success,cd2e9241582690fe6560e3ec50707646d771ea3b71ac87d362cc2a7cf71eeffa,afdf76a0a4465ad311a341f5b9312804dbc313d23b656b65297bcb80c489b1a7,270403272d736ae7aee2ceda3bf8d088b6ac0cb476bb99ce0218dd8f33c3c603,research/experiments/results/e4/raw/runs/run-097-e4-a1-sym-m01
98,e4-a1-hyb-m01,3,a1,A,Provable Compliant,1,hybrid,measured,1,SAFE,32610,False,0,32610,32.61,1324,COMPLIANT,COMPLIANT,True,NONE,0,0,0,0,0,success,cd2e9241582690fe6560e3ec50707646d771ea3b71ac87d362cc2a7cf71eeffa,afdf76a0a4465ad311a341f5b9312804dbc313d23b656b65297bcb80c489b1a7,270403272d736ae7aee2ceda3bf8d088b6ac0cb476bb99ce0218dd8f33c3c603,research/experiments/results/e4/raw/runs/run-098-e4-a1-hyb-m01
99,e4-a2-hyb-m01,3,a2,A,Provable Compliant,1,hybrid,measured,1,SAFE,39267,False,0,39267,39.267,1862,COMPLIANT,COMPLIANT,True,NONE,0,0,0,0,0,success,91b6ceff73cd825370ecc13aa0e0776fa6d9c48b9555cc8afb5e66bda072b017,9dc5de0fd13a0d6a8104849d86653ed5790f140dda8cd1b7c0407c623963c8c7,270403272d736ae7aee2ceda3bf8d088b6ac0cb476bb99ce0218dd8f33c3c603,research/experiments/results/e4/raw/runs/run-099-e4-a2-hyb-m01
100,e4-a2-sym-m01,3,a2,A,Provable Compliant,1,symbolic_only,measured,1,NONE,0,False,668314,668314,668.314,435,COMPLIANT,COMPLIANT,True,44dac7c9-55b1-4f00-8c3c-907f38c69968,1,0,12695,0,0,success,91b6ceff73cd825370ecc13aa0e0776fa6d9c48b9555cc8afb5e66bda072b017,9dc5de0fd13a0d6a8104849d86653ed5790f140dda8cd1b7c0407c623963c8c7,270403272d736ae7aee2ceda3bf8d088b6ac0cb476bb99ce0218dd8f33c3c603,research/experiments/results/e4/raw/runs/run-100-e4-a2-sym-m01
101,e4-a3-hyb-m01,3,a3,A,Provable Compliant,1,hybrid,measured,1,SAFE,46281,False,0,46281,46.281,2051,COMPLIANT,COMPLIANT,True,NONE,0,0,0,0,0,success,59bd40b3104cdae5842104c56da6e19128a4e6bc5f9ec5a6495603f984631dcc,df252c1e63a2bbbbb661bbea3de41e44367397f62a660378584b07f22eb42f27,270403272d736ae7aee2ceda3bf8d088b6ac0cb476bb99ce0218dd8f33c3c603,research/experiments/results/e4/raw/runs/run-101-e4-a3-hyb-m01
102,e4-a3-sym-m01,3,a3,A,Provable Compliant,1,symbolic_only,measured,1,NONE,0,False,680381,680381,680.381,431,COMPLIANT,COMPLIANT,True,baef50c5-e2a6-44b6-94bc-1fa3996c9d72,1,0,12710,1,0,success,59bd40b3104cdae5842104c56da6e19128a4e6bc5f9ec5a6495603f984631dcc,df252c1e63a2bbbbb661bbea3de41e44367397f62a660378584b07f22eb42f27,270403272d736ae7aee2ceda3bf8d088b6ac0cb476bb99ce0218dd8f33c3c603,research/experiments/results/e4/raw/runs/run-102-e4-a3-sym-m01
103,e4-a4-hyb-m01,3,a4,A,Provable Compliant,1,hybrid,measured,1,SAFE,44141,False,0,44141,44.141,2177,COMPLIANT,COMPLIANT,True,NONE,0,0,0,0,0,success,7c9996681b7574a9340739201821f8ae20da70d312d9ced0ce7530f9e4942673,c96c78c0957df2931e2424f8f6380d8df1a0826778f7b14a174f08c329160082,270403272d736ae7aee2ceda3bf8d088b6ac0cb476bb99ce0218dd8f33c3c603,research/experiments/results/e4/raw/runs/run-103-e4-a4-hyb-m01
104,e4-a4-sym-m01,3,a4,A,Provable Compliant,1,symbolic_only,measured,1,NONE,0,False,676545,676545,676.545,532,COMPLIANT,COMPLIANT,True,d287825d-685d-4d05-ab10-3472f1f03994,1,0,12724,1,0,success,7c9996681b7574a9340739201821f8ae20da70d312d9ced0ce7530f9e4942673,c96c78c0957df2931e2424f8f6380d8df1a0826778f7b14a174f08c329160082,270403272d736ae7aee2ceda3bf8d088b6ac0cb476bb99ce0218dd8f33c3c603,research/experiments/results/e4/raw/runs/run-104-e4-a4-sym-m01
105,e4-a5-hyb-m01,3,a5,A,Provable Compliant,1,hybrid,measured,1,SAFE,39085,False,0,39085,39.085,1735,COMPLIANT,COMPLIANT,True,NONE,0,0,0,0,0,success,9b2ca4e8bfdd49875e47ed04c4c6e8f3f11d9bd4abe066f44dde72392c3cae3b,833923e85039a9e4e70c159d28396673db94a91b5a2abf062ad6c6432d2413aa,270403272d736ae7aee2ceda3bf8d088b6ac0cb476bb99ce0218dd8f33c3c603,research/experiments/results/e4/raw/runs/run-105-e4-a5-hyb-m01
106,e4-a5-sym-m01,3,a5,A,Provable Compliant,1,symbolic_only,measured,1,NONE,0,False,684250,684250,684.25,428,COMPLIANT,COMPLIANT,True,3ea91e3d-e84d-4961-bda8-a5a09709665d,1,0,12752,1,0,success,9b2ca4e8bfdd49875e47ed04c4c6e8f3f11d9bd4abe066f44dde72392c3cae3b,833923e85039a9e4e70c159d28396673db94a91b5a2abf062ad6c6432d2413aa,270403272d736ae7aee2ceda3bf8d088b6ac0cb476bb99ce0218dd8f33c3c603,research/experiments/results/e4/raw/runs/run-106-e4-a5-sym-m01
107,e4-a6-sym-m01,3,a6,A,Provable Compliant,1,symbolic_only,measured,1,NONE,0,False,697273,697273,697.273,436,COMPLIANT,COMPLIANT,True,0a767945-642c-43f7-908e-46a8f95fcacb,1,0,12780,1,0,success,cb8bd929a99fe568b192efbbd6742c0adb474bbea12f5ffceff999c94b1bf4b4,60b146058a4a1389ca16d81def94d88f7fbeef981fae7f86077258d8d50fa64f,270403272d736ae7aee2ceda3bf8d088b6ac0cb476bb99ce0218dd8f33c3c603,research/experiments/results/e4/raw/runs/run-107-e4-a6-sym-m01
108,e4-a6-hyb-m01,3,a6,A,Provable Compliant,1,hybrid,measured,1,SAFE,33925,False,0,33925,33.925,1896,COMPLIANT,COMPLIANT,True,NONE,0,0,0,0,0,success,cb8bd929a99fe568b192efbbd6742c0adb474bbea12f5ffceff999c94b1bf4b4,60b146058a4a1389ca16d81def94d88f7fbeef981fae7f86077258d8d50fa64f,270403272d736ae7aee2ceda3bf8d088b6ac0cb476bb99ce0218dd8f33c3c603,research/experiments/results/e4/raw/runs/run-108-e4-a6-hyb-m01
109,e4-b1-sym-m01,3,b1,B,Uncertain Compliant,2,symbolic_only,measured,1,NONE,0,False,701403,701403,701.403,446,COMPLIANT,COMPLIANT,True,23a87be4-731f-420e-b288-21d7d220d29c,2,0,12811,2,0,success,e8022df63f9d8fd39d7f5f1c463e027e3db50edd6edf7405d4aac173659f06cd,fb95faa51b5eef338fdad8ee9b3ffa6cd965433ed4a1c991e83c85674b7c1350,270403272d736ae7aee2ceda3bf8d088b6ac0cb476bb99ce0218dd8f33c3c603,research/experiments/results/e4/raw/runs/run-109-e4-b1-sym-m01
110,e4-b1-hyb-m01,3,b1,B,Uncertain Compliant,2,hybrid,measured,1,UNKNOWN,32611,True,687940,720551,720.551,2481,COMPLIANT,COMPLIANT,True,8cf78440-6abe-430f-9f91-f3abf6d41b65,2,0,12811,2,0,success,e8022df63f9d8fd39d7f5f1c463e027e3db50edd6edf7405d4aac173659f06cd,fb95faa51b5eef338fdad8ee9b3ffa6cd965433ed4a1c991e83c85674b7c1350,270403272d736ae7aee2ceda3bf8d088b6ac0cb476bb99ce0218dd8f33c3c603,research/experiments/results/e4/raw/runs/run-110-e4-b1-hyb-m01
111,e4-b2-sym-m01,3,b2,B,Uncertain Compliant,2,symbolic_only,measured,1,NONE,0,False,698556,698556,698.556,609,COMPLIANT,COMPLIANT,True,734ffa11-2e50-4d93-88be-8d52af9bdc13,2,0,12811,2,0,success,82b933ac24404967490bfd720cee41dcce96e653be5b49263613ef7edc481672,f0f1d2e7aceef4c4ce77a19423fbb798d169877bfb0d55e5ba1e34f7786ab7bd,270403272d736ae7aee2ceda3bf8d088b6ac0cb476bb99ce0218dd8f33c3c603,research/experiments/results/e4/raw/runs/run-111-e4-b2-sym-m01
112,e4-b2-hyb-m01,3,b2,B,Uncertain Compliant,2,hybrid,measured,1,UNKNOWN,33753,True,687858,721611,721.611,1947,COMPLIANT,COMPLIANT,True,798b5a81-c6d0-403b-8072-11f73207f847,2,0,12811,2,0,success,82b933ac24404967490bfd720cee41dcce96e653be5b49263613ef7edc481672,f0f1d2e7aceef4c4ce77a19423fbb798d169877bfb0d55e5ba1e34f7786ab7bd,270403272d736ae7aee2ceda3bf8d088b6ac0cb476bb99ce0218dd8f33c3c603,research/experiments/results/e4/raw/runs/run-112-e4-b2-hyb-m01
113,e4-b3-hyb-m01,3,b3,B,Uncertain Compliant,4,hybrid,measured,1,UNKNOWN,45902,True,713862,759764,759.764,2373,COMPLIANT,COMPLIANT,True,5d0bbcc1-8816-4b22-8c70-70b5a3bf67f7,4,0,13009,4,0,success,4d74e31d48ac69142db1a745c2dc8ee2730b2eae91cd02b503f1ee13dd914695,5819ee511bcdce3287ab7a7ed5f7422e2735ed21308d265e7591d048bddac580,270403272d736ae7aee2ceda3bf8d088b6ac0cb476bb99ce0218dd8f33c3c603,research/experiments/results/e4/raw/runs/run-113-e4-b3-hyb-m01
114,e4-b3-sym-m01,3,b3,B,Uncertain Compliant,4,symbolic_only,measured,1,NONE,0,False,701835,701835,701.835,433,COMPLIANT,COMPLIANT,True,614a592e-d448-4508-a78d-568e1263bea9,4,0,13009,4,0,success,4d74e31d48ac69142db1a745c2dc8ee2730b2eae91cd02b503f1ee13dd914695,5819ee511bcdce3287ab7a7ed5f7422e2735ed21308d265e7591d048bddac580,270403272d736ae7aee2ceda3bf8d088b6ac0cb476bb99ce0218dd8f33c3c603,research/experiments/results/e4/raw/runs/run-114-e4-b3-sym-m01
115,e4-b4-sym-m01,3,b4,B,Uncertain Compliant,8,symbolic_only,measured,1,NONE,0,False,751999,751999,751.999,595,COMPLIANT,COMPLIANT,True,a5c8121f-9621-4f55-a241-5097164d3112,8,0,13389,8,0,success,9879e967a9b4a8cbda673c429880a731032e8133ab5fca4ab309fbf08850f8f7,5a536ce8292d996b0c076ffadfeff24d9ce6e37ad567e31296a55e3c8c7cc365,270403272d736ae7aee2ceda3bf8d088b6ac0cb476bb99ce0218dd8f33c3c603,research/experiments/results/e4/raw/runs/run-115-e4-b4-sym-m01
116,e4-b4-hyb-m01,3,b4,B,Uncertain Compliant,8,hybrid,measured,1,UNKNOWN,33946,True,733115,767061,767.061,2169,COMPLIANT,COMPLIANT,True,5aba98e8-cdc6-452c-a345-d09a292777dc,8,0,13389,8,0,success,9879e967a9b4a8cbda673c429880a731032e8133ab5fca4ab309fbf08850f8f7,5a536ce8292d996b0c076ffadfeff24d9ce6e37ad567e31296a55e3c8c7cc365,270403272d736ae7aee2ceda3bf8d088b6ac0cb476bb99ce0218dd8f33c3c603,research/experiments/results/e4/raw/runs/run-116-e4-b4-hyb-m01
117,e4-b5-hyb-m01,3,b5,B,Uncertain Compliant,16,hybrid,measured,1,UNKNOWN,42547,True,794242,836789,836.789,2912,COMPLIANT,COMPLIANT,True,3f03297f-8a17-4038-93f0-80c53d851531,16,0,14149,16,0,success,7a1ed578acd248ff33f53abc660b2760dc159f76ceb8cefce67ea29f1dbf0b76,eac933d8779c23116afa822902e219156037f28f0ccdd6daaba70e6fff0c82f2,270403272d736ae7aee2ceda3bf8d088b6ac0cb476bb99ce0218dd8f33c3c603,research/experiments/results/e4/raw/runs/run-117-e4-b5-hyb-m01
118,e4-b5-sym-m01,3,b5,B,Uncertain Compliant,16,symbolic_only,measured,1,NONE,0,False,814672,814672,814.672,585,COMPLIANT,COMPLIANT,True,1ea7028c-4ad8-497c-bc66-cce4b6dc4890,16,0,14149,16,0,success,7a1ed578acd248ff33f53abc660b2760dc159f76ceb8cefce67ea29f1dbf0b76,eac933d8779c23116afa822902e219156037f28f0ccdd6daaba70e6fff0c82f2,270403272d736ae7aee2ceda3bf8d088b6ac0cb476bb99ce0218dd8f33c3c603,research/experiments/results/e4/raw/runs/run-118-e4-b5-sym-m01
119,e4-b6-hyb-m01,3,b6,B,Uncertain Compliant,32,hybrid,measured,1,UNKNOWN,38663,True,914346,953009,953.009,2877,COMPLIANT,COMPLIANT,True,d2eede14-91af-4a78-a82d-ab42eadeb281,32,0,15669,32,0,success,f0689a73c23d5c0f941560ec320ef94fb3e3606c45535dfbba2cd6d7d3a7c6ea,4844435af8708232beb8297750e352df11ba463fb893228bbd1ce8951fe6a3fa,270403272d736ae7aee2ceda3bf8d088b6ac0cb476bb99ce0218dd8f33c3c603,research/experiments/results/e4/raw/runs/run-119-e4-b6-hyb-m01
120,e4-b6-sym-m01,3,b6,B,Uncertain Compliant,32,symbolic_only,measured,1,NONE,0,False,915361,915361,915.361,557,COMPLIANT,COMPLIANT,True,e06bc19b-2ab0-49c6-a5fd-235746e47e34,32,0,15669,32,0,success,f0689a73c23d5c0f941560ec320ef94fb3e3606c45535dfbba2cd6d7d3a7c6ea,4844435af8708232beb8297750e352df11ba463fb893228bbd1ce8951fe6a3fa,270403272d736ae7aee2ceda3bf8d088b6ac0cb476bb99ce0218dd8f33c3c603,research/experiments/results/e4/raw/runs/run-120-e4-b6-sym-m01
121,e4-c1-sym-m01,3,c1,C,Provable Violation,1,symbolic_only,measured,1,NONE,0,False,679024,679024,679.024,580,POLICY VIOLATION,POLICY VIOLATION,True,2a2ae539-1b0a-42e1-ab5f-30a20ebfefc4,1,0,12703,0,0,success,1c031ad911d3996684367291bb0a7bfbb66916aa7de7c87600e5aab80eb2053d,d6a1ceab0a167d80255aa7ba022314c70b73173bd0022218fdb726cf1fb9e5e2,270403272d736ae7aee2ceda3bf8d088b6ac0cb476bb99ce0218dd8f33c3c603,research/experiments/results/e4/raw/runs/run-121-e4-c1-sym-m01
122,e4-c1-hyb-m01,3,c1,C,Provable Violation,1,hybrid,measured,1,VIOLATION,36901,False,0,36901,36.901,1780,POLICY VIOLATION,POLICY VIOLATION,True,NONE,0,0,0,0,0,success,1c031ad911d3996684367291bb0a7bfbb66916aa7de7c87600e5aab80eb2053d,d6a1ceab0a167d80255aa7ba022314c70b73173bd0022218fdb726cf1fb9e5e2,270403272d736ae7aee2ceda3bf8d088b6ac0cb476bb99ce0218dd8f33c3c603,research/experiments/results/e4/raw/runs/run-122-e4-c1-hyb-m01
123,e4-c2-sym-m01,3,c2,C,Provable Violation,1,symbolic_only,measured,1,NONE,0,False,672030,672030,672.03,492,POLICY VIOLATION,POLICY VIOLATION,True,9c3b240b-24e8-4460-a0df-f991ca5a50ca,1,0,12703,0,0,success,23668b6ce0e8c902fce01b534c941b4bff5614b733f56b5616f36aa80224cd42,a2bea244afc287c6e2da021d7845f058806a3ee24f91436c2081c3d34b4e6ef1,270403272d736ae7aee2ceda3bf8d088b6ac0cb476bb99ce0218dd8f33c3c603,research/experiments/results/e4/raw/runs/run-123-e4-c2-sym-m01
124,e4-c2-hyb-m01,3,c2,C,Provable Violation,1,hybrid,measured,1,VIOLATION,36632,False,0,36632,36.632,1436,POLICY VIOLATION,POLICY VIOLATION,True,NONE,0,0,0,0,0,success,23668b6ce0e8c902fce01b534c941b4bff5614b733f56b5616f36aa80224cd42,a2bea244afc287c6e2da021d7845f058806a3ee24f91436c2081c3d34b4e6ef1,270403272d736ae7aee2ceda3bf8d088b6ac0cb476bb99ce0218dd8f33c3c603,research/experiments/results/e4/raw/runs/run-124-e4-c2-hyb-m01
125,e4-c3-sym-m01,3,c3,C,Provable Violation,1,symbolic_only,measured,1,NONE,0,False,680646,680646,680.646,444,POLICY VIOLATION,POLICY VIOLATION,True,884d7dba-4a27-408d-ad46-662146cb35e7,1,0,12703,0,0,success,406bf3f97c8cd682a652fc92940888a871b47e126d167b848c47cfc8391cafad,085df780e31d965efd5261c68b524bbe0c1951a2b85429931ad374eb8d3232d5,270403272d736ae7aee2ceda3bf8d088b6ac0cb476bb99ce0218dd8f33c3c603,research/experiments/results/e4/raw/runs/run-125-e4-c3-sym-m01
126,e4-c3-hyb-m01,3,c3,C,Provable Violation,1,hybrid,measured,1,VIOLATION,34079,False,0,34079,34.079,1808,POLICY VIOLATION,POLICY VIOLATION,True,NONE,0,0,0,0,0,success,406bf3f97c8cd682a652fc92940888a871b47e126d167b848c47cfc8391cafad,085df780e31d965efd5261c68b524bbe0c1951a2b85429931ad374eb8d3232d5,270403272d736ae7aee2ceda3bf8d088b6ac0cb476bb99ce0218dd8f33c3c603,research/experiments/results/e4/raw/runs/run-126-e4-c3-hyb-m01
127,e4-c4-sym-m01,3,c4,C,Provable Violation,1,symbolic_only,measured,1,NONE,0,False,692179,692179,692.179,483,POLICY VIOLATION,POLICY VIOLATION,True,a9763d2b-7d8a-44a6-9074-309a2a5daacf,1,0,12718,1,0,success,be4d57db9f42690836ee331784fe922a9fa593e4cec4046e862bed7ef28755ca,0a996dcf4f20aa4ee7218f0ed8a7b9d7504f422b57ffd09278a699ad748a414c,270403272d736ae7aee2ceda3bf8d088b6ac0cb476bb99ce0218dd8f33c3c603,research/experiments/results/e4/raw/runs/run-127-e4-c4-sym-m01
128,e4-c4-hyb-m01,3,c4,C,Provable Violation,1,hybrid,measured,1,VIOLATION,33228,False,0,33228,33.228,1546,POLICY VIOLATION,POLICY VIOLATION,True,NONE,0,0,0,0,0,success,be4d57db9f42690836ee331784fe922a9fa593e4cec4046e862bed7ef28755ca,0a996dcf4f20aa4ee7218f0ed8a7b9d7504f422b57ffd09278a699ad748a414c,270403272d736ae7aee2ceda3bf8d088b6ac0cb476bb99ce0218dd8f33c3c603,research/experiments/results/e4/raw/runs/run-128-e4-c4-hyb-m01
129,e4-c5-sym-m01,3,c5,C,Provable Violation,1,symbolic_only,measured,1,NONE,0,False,685728,685728,685.728,478,POLICY VIOLATION,POLICY VIOLATION,True,c7cd7707-e270-49c9-98ee-2ef642c82e24,1,0,12732,1,0,success,c5f374e0b62b032fe5eb90261d9e91a4567ad000bb5fa87d82ae880c17d2dea5,eab4a175f3742333528356ac6542b45a4eb8f5124ec45bd40194073f2e4a32b6,270403272d736ae7aee2ceda3bf8d088b6ac0cb476bb99ce0218dd8f33c3c603,research/experiments/results/e4/raw/runs/run-129-e4-c5-sym-m01
130,e4-c5-hyb-m01,3,c5,C,Provable Violation,1,hybrid,measured,1,VIOLATION,38822,False,0,38822,38.822,1411,POLICY VIOLATION,POLICY VIOLATION,True,NONE,0,0,0,0,0,success,c5f374e0b62b032fe5eb90261d9e91a4567ad000bb5fa87d82ae880c17d2dea5,eab4a175f3742333528356ac6542b45a4eb8f5124ec45bd40194073f2e4a32b6,270403272d736ae7aee2ceda3bf8d088b6ac0cb476bb99ce0218dd8f33c3c603,research/experiments/results/e4/raw/runs/run-130-e4-c5-hyb-m01
131,e4-c6-sym-m01,3,c6,C,Provable Violation,1,symbolic_only,measured,1,NONE,0,False,687787,687787,687.787,714,POLICY VIOLATION,POLICY VIOLATION,True,4f2954b3-838d-4bfe-8394-3703481634a1,1,0,12746,1,0,success,f74120677cb8d92d4725a9c5cb2679ae43fd49dabedc2ee99b71b23318f5d7f4,51ead398a1a6e6281bcbeb4057df283dd6282b95299b660c4728dba300b7821a,270403272d736ae7aee2ceda3bf8d088b6ac0cb476bb99ce0218dd8f33c3c603,research/experiments/results/e4/raw/runs/run-131-e4-c6-sym-m01
132,e4-c6-hyb-m01,3,c6,C,Provable Violation,1,hybrid,measured,1,VIOLATION,35725,False,0,35725,35.725,1591,POLICY VIOLATION,POLICY VIOLATION,True,NONE,0,0,0,0,0,success,f74120677cb8d92d4725a9c5cb2679ae43fd49dabedc2ee99b71b23318f5d7f4,51ead398a1a6e6281bcbeb4057df283dd6282b95299b660c4728dba300b7821a,270403272d736ae7aee2ceda3bf8d088b6ac0cb476bb99ce0218dd8f33c3c603,research/experiments/results/e4/raw/runs/run-132-e4-c6-hyb-m01
133,e4-d1-hyb-m01,3,d1,D,Symbolic Violation,2,hybrid,measured,1,UNKNOWN,39434,True,695373,734807,734.807,2076,POLICY VIOLATION,POLICY VIOLATION,True,0f37a448-3282-42a9-b3d6-189caf8faea9,2,0,12804,2,0,success,e8f4abe4784a922f49d7755eb61c77828bb049d624b8983921f218e191b07d58,de480574ea955b9d273ecfbd0e39d5c5a7c6421d1070d1a4bcd6a50a861f244c,270403272d736ae7aee2ceda3bf8d088b6ac0cb476bb99ce0218dd8f33c3c603,research/experiments/results/e4/raw/runs/run-133-e4-d1-hyb-m01
134,e4-d1-sym-m01,3,d1,D,Symbolic Violation,2,symbolic_only,measured,1,NONE,0,False,699664,699664,699.664,425,POLICY VIOLATION,POLICY VIOLATION,True,d29e4fcf-427e-48b2-8061-cee0e8087a59,2,0,12804,2,0,success,e8f4abe4784a922f49d7755eb61c77828bb049d624b8983921f218e191b07d58,de480574ea955b9d273ecfbd0e39d5c5a7c6421d1070d1a4bcd6a50a861f244c,270403272d736ae7aee2ceda3bf8d088b6ac0cb476bb99ce0218dd8f33c3c603,research/experiments/results/e4/raw/runs/run-134-e4-d1-sym-m01
135,e4-d2-hyb-m01,3,d2,D,Symbolic Violation,2,hybrid,measured,1,UNKNOWN,46310,True,832889,879199,879.199,2621,POLICY VIOLATION,POLICY VIOLATION,True,9b639973-fc96-4f0b-910e-e1f1daef0454,2,0,12804,2,0,success,93811a8083f08a96a92238396d04235345330f1735a7f81b706c5e9222df071e,d43770c56ce04f6743b96b9a2d5ae747f1d187f3db42daf852755d8cc4d6c4bd,270403272d736ae7aee2ceda3bf8d088b6ac0cb476bb99ce0218dd8f33c3c603,research/experiments/results/e4/raw/runs/run-135-e4-d2-hyb-m01
136,e4-d2-sym-m01,3,d2,D,Symbolic Violation,2,symbolic_only,measured,1,NONE,0,False,690160,690160,690.16,432,POLICY VIOLATION,POLICY VIOLATION,True,d49237fc-9b68-4cc7-8389-ee8338dea8b8,2,0,12804,2,0,success,93811a8083f08a96a92238396d04235345330f1735a7f81b706c5e9222df071e,d43770c56ce04f6743b96b9a2d5ae747f1d187f3db42daf852755d8cc4d6c4bd,270403272d736ae7aee2ceda3bf8d088b6ac0cb476bb99ce0218dd8f33c3c603,research/experiments/results/e4/raw/runs/run-136-e4-d2-sym-m01
137,e4-d3-hyb-m01,3,d3,D,Symbolic Violation,4,hybrid,measured,1,UNKNOWN,40198,True,686897,727095,727.095,2616,POLICY VIOLATION,POLICY VIOLATION,True,95e72c78-4e47-40f9-bfdd-72cc916898e5,2,0,12804,2,0,success,062f281449b23d9f9340d127a55af0b8696a13311497cd128ec6ad3d2925cc6f,b4d0639980dffdbd3cd5d0dedcef3db54822237a9543208513455db9c95031c5,270403272d736ae7aee2ceda3bf8d088b6ac0cb476bb99ce0218dd8f33c3c603,research/experiments/results/e4/raw/runs/run-137-e4-d3-hyb-m01
138,e4-d3-sym-m01,3,d3,D,Symbolic Violation,4,symbolic_only,measured,1,NONE,0,False,703744,703744,703.744,450,POLICY VIOLATION,POLICY VIOLATION,True,7d7a54d2-a3bd-438e-95fa-fbcd00377940,2,0,12804,2,0,success,062f281449b23d9f9340d127a55af0b8696a13311497cd128ec6ad3d2925cc6f,b4d0639980dffdbd3cd5d0dedcef3db54822237a9543208513455db9c95031c5,270403272d736ae7aee2ceda3bf8d088b6ac0cb476bb99ce0218dd8f33c3c603,research/experiments/results/e4/raw/runs/run-138-e4-d3-sym-m01
139,e4-d4-hyb-m01,3,d4,D,Symbolic Violation,8,hybrid,measured,1,UNKNOWN,41977,True,690818,732795,732.795,2819,POLICY VIOLATION,POLICY VIOLATION,True,abdeab4c-d97c-42b2-b7c0-f36cd91667b0,2,0,12804,2,0,success,612b01a0a59da13c4560018f22a4c83082a627ddc4fa1757c0a1b8dd10b5af5d,57184dd8a4623696440b54f78f23b8f1628c16c06edcfaf589874680f5865f3d,270403272d736ae7aee2ceda3bf8d088b6ac0cb476bb99ce0218dd8f33c3c603,research/experiments/results/e4/raw/runs/run-139-e4-d4-hyb-m01
140,e4-d4-sym-m01,3,d4,D,Symbolic Violation,8,symbolic_only,measured,1,NONE,0,False,688966,688966,688.966,448,POLICY VIOLATION,POLICY VIOLATION,True,b4f8e25d-5ade-47fd-9a2c-a835995275b5,2,0,12804,2,0,success,612b01a0a59da13c4560018f22a4c83082a627ddc4fa1757c0a1b8dd10b5af5d,57184dd8a4623696440b54f78f23b8f1628c16c06edcfaf589874680f5865f3d,270403272d736ae7aee2ceda3bf8d088b6ac0cb476bb99ce0218dd8f33c3c603,research/experiments/results/e4/raw/runs/run-140-e4-d4-sym-m01
141,e4-d5-hyb-m01,3,d5,D,Symbolic Violation,16,hybrid,measured,1,UNKNOWN,47591,True,694841,742432,742.432,2536,POLICY VIOLATION,POLICY VIOLATION,True,f966cb3e-4ebd-4d14-8be9-206a6473d8b7,2,0,12804,2,0,success,1c6f773d5e6af632d9090b4954df80671727997c09d6476efe6439beb1b23465,cb87ad04d7742795888acde9f608ca31c4279f281d11050319d17e0f6d0a2dc3,270403272d736ae7aee2ceda3bf8d088b6ac0cb476bb99ce0218dd8f33c3c603,research/experiments/results/e4/raw/runs/run-141-e4-d5-hyb-m01
142,e4-d5-sym-m01,3,d5,D,Symbolic Violation,16,symbolic_only,measured,1,NONE,0,False,694178,694178,694.178,618,POLICY VIOLATION,POLICY VIOLATION,True,366a5150-ebe2-45ad-adf4-b95120f0863e,2,0,12804,2,0,success,1c6f773d5e6af632d9090b4954df80671727997c09d6476efe6439beb1b23465,cb87ad04d7742795888acde9f608ca31c4279f281d11050319d17e0f6d0a2dc3,270403272d736ae7aee2ceda3bf8d088b6ac0cb476bb99ce0218dd8f33c3c603,research/experiments/results/e4/raw/runs/run-142-e4-d5-sym-m01
143,e4-d6-sym-m01,3,d6,D,Symbolic Violation,32,symbolic_only,measured,1,NONE,0,False,691983,691983,691.983,465,POLICY VIOLATION,POLICY VIOLATION,True,658984a8-470f-479c-815f-75633f92aade,2,0,12804,2,0,success,58f9150e1f16a441da9249b28b870ce4b1dc9566fe4ca31ecdc3a3e733df4893,fb59f1e91dfa860ff91e6f8cd847d708923f3854809c9dd3b16c7e0457a394a0,270403272d736ae7aee2ceda3bf8d088b6ac0cb476bb99ce0218dd8f33c3c603,research/experiments/results/e4/raw/runs/run-143-e4-d6-sym-m01
144,e4-d6-hyb-m01,3,d6,D,Symbolic Violation,32,hybrid,measured,1,UNKNOWN,36074,True,732886,768960,768.96,2718,POLICY VIOLATION,POLICY VIOLATION,True,ee6ca6df-c997-4277-a438-f25a3ebcd122,2,0,12804,2,0,success,58f9150e1f16a441da9249b28b870ce4b1dc9566fe4ca31ecdc3a3e733df4893,fb59f1e91dfa860ff91e6f8cd847d708923f3854809c9dd3b16c7e0457a394a0,270403272d736ae7aee2ceda3bf8d088b6ac0cb476bb99ce0218dd8f33c3c603,research/experiments/results/e4/raw/runs/run-144-e4-d6-hyb-m01
145,e4-a1-sym-m02,4,a1,A,Provable Compliant,1,symbolic_only,measured,2,NONE,0,False,687114,687114,687.114,517,COMPLIANT,COMPLIANT,True,ae0222a4-9b4e-4eee-9144-43c46f219b81,1,0,12695,0,0,success,cd2e9241582690fe6560e3ec50707646d771ea3b71ac87d362cc2a7cf71eeffa,afdf76a0a4465ad311a341f5b9312804dbc313d23b656b65297bcb80c489b1a7,270403272d736ae7aee2ceda3bf8d088b6ac0cb476bb99ce0218dd8f33c3c603,research/experiments/results/e4/raw/runs/run-145-e4-a1-sym-m02
146,e4-a1-hyb-m02,4,a1,A,Provable Compliant,1,hybrid,measured,2,SAFE,33069,False,0,33069,33.069,1537,COMPLIANT,COMPLIANT,True,NONE,0,0,0,0,0,success,cd2e9241582690fe6560e3ec50707646d771ea3b71ac87d362cc2a7cf71eeffa,afdf76a0a4465ad311a341f5b9312804dbc313d23b656b65297bcb80c489b1a7,270403272d736ae7aee2ceda3bf8d088b6ac0cb476bb99ce0218dd8f33c3c603,research/experiments/results/e4/raw/runs/run-146-e4-a1-hyb-m02
147,e4-a2-hyb-m02,4,a2,A,Provable Compliant,1,hybrid,measured,2,SAFE,44026,False,0,44026,44.026,2165,COMPLIANT,COMPLIANT,True,NONE,0,0,0,0,0,success,91b6ceff73cd825370ecc13aa0e0776fa6d9c48b9555cc8afb5e66bda072b017,9dc5de0fd13a0d6a8104849d86653ed5790f140dda8cd1b7c0407c623963c8c7,270403272d736ae7aee2ceda3bf8d088b6ac0cb476bb99ce0218dd8f33c3c603,research/experiments/results/e4/raw/runs/run-147-e4-a2-hyb-m02
148,e4-a2-sym-m02,4,a2,A,Provable Compliant,1,symbolic_only,measured,2,NONE,0,False,674572,674572,674.572,535,COMPLIANT,COMPLIANT,True,a0730000-d7d4-4362-a2c0-9f28bb2fa998,1,0,12695,0,0,success,91b6ceff73cd825370ecc13aa0e0776fa6d9c48b9555cc8afb5e66bda072b017,9dc5de0fd13a0d6a8104849d86653ed5790f140dda8cd1b7c0407c623963c8c7,270403272d736ae7aee2ceda3bf8d088b6ac0cb476bb99ce0218dd8f33c3c603,research/experiments/results/e4/raw/runs/run-148-e4-a2-sym-m02
149,e4-a3-sym-m02,4,a3,A,Provable Compliant,1,symbolic_only,measured,2,NONE,0,False,684286,684286,684.286,452,COMPLIANT,COMPLIANT,True,d196ff8c-8ebb-4fd5-888d-b896d7a3835d,1,0,12710,1,0,success,59bd40b3104cdae5842104c56da6e19128a4e6bc5f9ec5a6495603f984631dcc,df252c1e63a2bbbbb661bbea3de41e44367397f62a660378584b07f22eb42f27,270403272d736ae7aee2ceda3bf8d088b6ac0cb476bb99ce0218dd8f33c3c603,research/experiments/results/e4/raw/runs/run-149-e4-a3-sym-m02
150,e4-a3-hyb-m02,4,a3,A,Provable Compliant,1,hybrid,measured,2,SAFE,41582,False,0,41582,41.582,2407,COMPLIANT,COMPLIANT,True,NONE,0,0,0,0,0,success,59bd40b3104cdae5842104c56da6e19128a4e6bc5f9ec5a6495603f984631dcc,df252c1e63a2bbbbb661bbea3de41e44367397f62a660378584b07f22eb42f27,270403272d736ae7aee2ceda3bf8d088b6ac0cb476bb99ce0218dd8f33c3c603,research/experiments/results/e4/raw/runs/run-150-e4-a3-hyb-m02
151,e4-a4-hyb-m02,4,a4,A,Provable Compliant,1,hybrid,measured,2,SAFE,39727,False,0,39727,39.727,2167,COMPLIANT,COMPLIANT,True,NONE,0,0,0,0,0,success,7c9996681b7574a9340739201821f8ae20da70d312d9ced0ce7530f9e4942673,c96c78c0957df2931e2424f8f6380d8df1a0826778f7b14a174f08c329160082,270403272d736ae7aee2ceda3bf8d088b6ac0cb476bb99ce0218dd8f33c3c603,research/experiments/results/e4/raw/runs/run-151-e4-a4-hyb-m02
152,e4-a4-sym-m02,4,a4,A,Provable Compliant,1,symbolic_only,measured,2,NONE,0,False,687365,687365,687.365,456,COMPLIANT,COMPLIANT,True,36db8a53-2523-4632-ac2d-8b68e7265d29,1,0,12724,1,0,success,7c9996681b7574a9340739201821f8ae20da70d312d9ced0ce7530f9e4942673,c96c78c0957df2931e2424f8f6380d8df1a0826778f7b14a174f08c329160082,270403272d736ae7aee2ceda3bf8d088b6ac0cb476bb99ce0218dd8f33c3c603,research/experiments/results/e4/raw/runs/run-152-e4-a4-sym-m02
153,e4-a5-sym-m02,4,a5,A,Provable Compliant,1,symbolic_only,measured,2,NONE,0,False,690295,690295,690.295,571,COMPLIANT,COMPLIANT,True,a11a1fb5-7be5-4887-918a-e0e0747c1aa0,1,0,12752,1,0,success,9b2ca4e8bfdd49875e47ed04c4c6e8f3f11d9bd4abe066f44dde72392c3cae3b,833923e85039a9e4e70c159d28396673db94a91b5a2abf062ad6c6432d2413aa,270403272d736ae7aee2ceda3bf8d088b6ac0cb476bb99ce0218dd8f33c3c603,research/experiments/results/e4/raw/runs/run-153-e4-a5-sym-m02
154,e4-a5-hyb-m02,4,a5,A,Provable Compliant,1,hybrid,measured,2,SAFE,33243,False,0,33243,33.243,1859,COMPLIANT,COMPLIANT,True,NONE,0,0,0,0,0,success,9b2ca4e8bfdd49875e47ed04c4c6e8f3f11d9bd4abe066f44dde72392c3cae3b,833923e85039a9e4e70c159d28396673db94a91b5a2abf062ad6c6432d2413aa,270403272d736ae7aee2ceda3bf8d088b6ac0cb476bb99ce0218dd8f33c3c603,research/experiments/results/e4/raw/runs/run-154-e4-a5-hyb-m02
155,e4-a6-hyb-m02,4,a6,A,Provable Compliant,1,hybrid,measured,2,SAFE,43528,False,0,43528,43.528,2111,COMPLIANT,COMPLIANT,True,NONE,0,0,0,0,0,success,cb8bd929a99fe568b192efbbd6742c0adb474bbea12f5ffceff999c94b1bf4b4,60b146058a4a1389ca16d81def94d88f7fbeef981fae7f86077258d8d50fa64f,270403272d736ae7aee2ceda3bf8d088b6ac0cb476bb99ce0218dd8f33c3c603,research/experiments/results/e4/raw/runs/run-155-e4-a6-hyb-m02
156,e4-a6-sym-m02,4,a6,A,Provable Compliant,1,symbolic_only,measured,2,NONE,0,False,684242,684242,684.242,489,COMPLIANT,COMPLIANT,True,dddd6f69-c0bb-4fb3-ada1-2b2ded74ac88,1,0,12780,1,0,success,cb8bd929a99fe568b192efbbd6742c0adb474bbea12f5ffceff999c94b1bf4b4,60b146058a4a1389ca16d81def94d88f7fbeef981fae7f86077258d8d50fa64f,270403272d736ae7aee2ceda3bf8d088b6ac0cb476bb99ce0218dd8f33c3c603,research/experiments/results/e4/raw/runs/run-156-e4-a6-sym-m02
157,e4-b1-hyb-m02,4,b1,B,Uncertain Compliant,2,hybrid,measured,2,UNKNOWN,46662,True,696709,743371,743.371,2475,COMPLIANT,COMPLIANT,True,2b785808-29d9-4957-a39f-3c86a1aead4e,2,0,12811,2,0,success,e8022df63f9d8fd39d7f5f1c463e027e3db50edd6edf7405d4aac173659f06cd,fb95faa51b5eef338fdad8ee9b3ffa6cd965433ed4a1c991e83c85674b7c1350,270403272d736ae7aee2ceda3bf8d088b6ac0cb476bb99ce0218dd8f33c3c603,research/experiments/results/e4/raw/runs/run-157-e4-b1-hyb-m02
158,e4-b1-sym-m02,4,b1,B,Uncertain Compliant,2,symbolic_only,measured,2,NONE,0,False,701351,701351,701.351,412,COMPLIANT,COMPLIANT,True,8a11639e-3e2a-4bc2-b605-5068b7692e6a,2,0,12811,2,0,success,e8022df63f9d8fd39d7f5f1c463e027e3db50edd6edf7405d4aac173659f06cd,fb95faa51b5eef338fdad8ee9b3ffa6cd965433ed4a1c991e83c85674b7c1350,270403272d736ae7aee2ceda3bf8d088b6ac0cb476bb99ce0218dd8f33c3c603,research/experiments/results/e4/raw/runs/run-158-e4-b1-sym-m02
159,e4-b2-hyb-m02,4,b2,B,Uncertain Compliant,2,hybrid,measured,2,UNKNOWN,39773,True,688243,728016,728.016,2866,COMPLIANT,COMPLIANT,True,094a2a61-d64c-44a1-9cd3-00dbf3c9cbe9,2,0,12811,2,0,success,82b933ac24404967490bfd720cee41dcce96e653be5b49263613ef7edc481672,f0f1d2e7aceef4c4ce77a19423fbb798d169877bfb0d55e5ba1e34f7786ab7bd,270403272d736ae7aee2ceda3bf8d088b6ac0cb476bb99ce0218dd8f33c3c603,research/experiments/results/e4/raw/runs/run-159-e4-b2-hyb-m02
160,e4-b2-sym-m02,4,b2,B,Uncertain Compliant,2,symbolic_only,measured,2,NONE,0,False,704785,704785,704.785,545,COMPLIANT,COMPLIANT,True,9fa099f4-1ef5-4a56-953d-3425f7b52b5e,2,0,12811,2,0,success,82b933ac24404967490bfd720cee41dcce96e653be5b49263613ef7edc481672,f0f1d2e7aceef4c4ce77a19423fbb798d169877bfb0d55e5ba1e34f7786ab7bd,270403272d736ae7aee2ceda3bf8d088b6ac0cb476bb99ce0218dd8f33c3c603,research/experiments/results/e4/raw/runs/run-160-e4-b2-sym-m02
161,e4-b3-sym-m02,4,b3,B,Uncertain Compliant,4,symbolic_only,measured,2,NONE,0,False,708824,708824,708.824,437,COMPLIANT,COMPLIANT,True,f7ed00e5-774b-4129-97b9-b23eac74dec7,4,0,13009,4,0,success,4d74e31d48ac69142db1a745c2dc8ee2730b2eae91cd02b503f1ee13dd914695,5819ee511bcdce3287ab7a7ed5f7422e2735ed21308d265e7591d048bddac580,270403272d736ae7aee2ceda3bf8d088b6ac0cb476bb99ce0218dd8f33c3c603,research/experiments/results/e4/raw/runs/run-161-e4-b3-sym-m02
162,e4-b3-hyb-m02,4,b3,B,Uncertain Compliant,4,hybrid,measured,2,UNKNOWN,35440,True,714274,749714,749.714,2412,COMPLIANT,COMPLIANT,True,2c4a92d1-5375-4508-8b5a-f5d725a46a7c,4,0,13009,4,0,success,4d74e31d48ac69142db1a745c2dc8ee2730b2eae91cd02b503f1ee13dd914695,5819ee511bcdce3287ab7a7ed5f7422e2735ed21308d265e7591d048bddac580,270403272d736ae7aee2ceda3bf8d088b6ac0cb476bb99ce0218dd8f33c3c603,research/experiments/results/e4/raw/runs/run-162-e4-b3-hyb-m02
163,e4-b4-hyb-m02,4,b4,B,Uncertain Compliant,8,hybrid,measured,2,UNKNOWN,46691,True,737058,783749,783.749,3290,COMPLIANT,COMPLIANT,True,f58a6e57-4ce6-4eeb-b3b9-b1ce6646bdc3,8,0,13389,8,0,success,9879e967a9b4a8cbda673c429880a731032e8133ab5fca4ab309fbf08850f8f7,5a536ce8292d996b0c076ffadfeff24d9ce6e37ad567e31296a55e3c8c7cc365,270403272d736ae7aee2ceda3bf8d088b6ac0cb476bb99ce0218dd8f33c3c603,research/experiments/results/e4/raw/runs/run-163-e4-b4-hyb-m02
164,e4-b4-sym-m02,4,b4,B,Uncertain Compliant,8,symbolic_only,measured,2,NONE,0,False,743864,743864,743.864,481,COMPLIANT,COMPLIANT,True,85b822c9-de3d-4a67-9ed3-dac9cfdec781,8,0,13389,8,0,success,9879e967a9b4a8cbda673c429880a731032e8133ab5fca4ab309fbf08850f8f7,5a536ce8292d996b0c076ffadfeff24d9ce6e37ad567e31296a55e3c8c7cc365,270403272d736ae7aee2ceda3bf8d088b6ac0cb476bb99ce0218dd8f33c3c603,research/experiments/results/e4/raw/runs/run-164-e4-b4-sym-m02
165,e4-b5-sym-m02,4,b5,B,Uncertain Compliant,16,symbolic_only,measured,2,NONE,0,False,807457,807457,807.457,459,COMPLIANT,COMPLIANT,True,8986c1b2-bd59-4799-a3dd-193758cd1083,16,0,14149,16,0,success,7a1ed578acd248ff33f53abc660b2760dc159f76ceb8cefce67ea29f1dbf0b76,eac933d8779c23116afa822902e219156037f28f0ccdd6daaba70e6fff0c82f2,270403272d736ae7aee2ceda3bf8d088b6ac0cb476bb99ce0218dd8f33c3c603,research/experiments/results/e4/raw/runs/run-165-e4-b5-sym-m02
166,e4-b5-hyb-m02,4,b5,B,Uncertain Compliant,16,hybrid,measured,2,UNKNOWN,37475,True,790056,827531,827.531,2497,COMPLIANT,COMPLIANT,True,a244a568-8e71-4c9e-98f0-4add63029212,16,0,14149,16,0,success,7a1ed578acd248ff33f53abc660b2760dc159f76ceb8cefce67ea29f1dbf0b76,eac933d8779c23116afa822902e219156037f28f0ccdd6daaba70e6fff0c82f2,270403272d736ae7aee2ceda3bf8d088b6ac0cb476bb99ce0218dd8f33c3c603,research/experiments/results/e4/raw/runs/run-166-e4-b5-hyb-m02
167,e4-b6-sym-m02,4,b6,B,Uncertain Compliant,32,symbolic_only,measured,2,NONE,0,False,908572,908572,908.572,525,COMPLIANT,COMPLIANT,True,27a354d5-db18-40c7-a9c3-afbded1f10b4,32,0,15669,32,0,success,f0689a73c23d5c0f941560ec320ef94fb3e3606c45535dfbba2cd6d7d3a7c6ea,4844435af8708232beb8297750e352df11ba463fb893228bbd1ce8951fe6a3fa,270403272d736ae7aee2ceda3bf8d088b6ac0cb476bb99ce0218dd8f33c3c603,research/experiments/results/e4/raw/runs/run-167-e4-b6-sym-m02
168,e4-b6-hyb-m02,4,b6,B,Uncertain Compliant,32,hybrid,measured,2,UNKNOWN,35823,True,927441,963264,963.264,2377,COMPLIANT,COMPLIANT,True,c52e21ed-006f-403c-a49d-9b0eb2122a46,32,0,15669,32,0,success,f0689a73c23d5c0f941560ec320ef94fb3e3606c45535dfbba2cd6d7d3a7c6ea,4844435af8708232beb8297750e352df11ba463fb893228bbd1ce8951fe6a3fa,270403272d736ae7aee2ceda3bf8d088b6ac0cb476bb99ce0218dd8f33c3c603,research/experiments/results/e4/raw/runs/run-168-e4-b6-hyb-m02
169,e4-c1-hyb-m02,4,c1,C,Provable Violation,1,hybrid,measured,2,VIOLATION,42351,False,0,42351,42.351,1809,POLICY VIOLATION,POLICY VIOLATION,True,NONE,0,0,0,0,0,success,1c031ad911d3996684367291bb0a7bfbb66916aa7de7c87600e5aab80eb2053d,d6a1ceab0a167d80255aa7ba022314c70b73173bd0022218fdb726cf1fb9e5e2,270403272d736ae7aee2ceda3bf8d088b6ac0cb476bb99ce0218dd8f33c3c603,research/experiments/results/e4/raw/runs/run-169-e4-c1-hyb-m02
170,e4-c1-sym-m02,4,c1,C,Provable Violation,1,symbolic_only,measured,2,NONE,0,False,658767,658767,658.767,422,POLICY VIOLATION,POLICY VIOLATION,True,7f81da15-4c25-46ef-bc99-8943d3fa1a2a,1,0,12703,0,0,success,1c031ad911d3996684367291bb0a7bfbb66916aa7de7c87600e5aab80eb2053d,d6a1ceab0a167d80255aa7ba022314c70b73173bd0022218fdb726cf1fb9e5e2,270403272d736ae7aee2ceda3bf8d088b6ac0cb476bb99ce0218dd8f33c3c603,research/experiments/results/e4/raw/runs/run-170-e4-c1-sym-m02
171,e4-c2-hyb-m02,4,c2,C,Provable Violation,1,hybrid,measured,2,VIOLATION,39650,False,0,39650,39.65,1756,POLICY VIOLATION,POLICY VIOLATION,True,NONE,0,0,0,0,0,success,23668b6ce0e8c902fce01b534c941b4bff5614b733f56b5616f36aa80224cd42,a2bea244afc287c6e2da021d7845f058806a3ee24f91436c2081c3d34b4e6ef1,270403272d736ae7aee2ceda3bf8d088b6ac0cb476bb99ce0218dd8f33c3c603,research/experiments/results/e4/raw/runs/run-171-e4-c2-hyb-m02
172,e4-c2-sym-m02,4,c2,C,Provable Violation,1,symbolic_only,measured,2,NONE,0,False,679526,679526,679.526,611,POLICY VIOLATION,POLICY VIOLATION,True,dfa30a40-1e56-4157-b52e-bca059454c43,1,0,12703,0,0,success,23668b6ce0e8c902fce01b534c941b4bff5614b733f56b5616f36aa80224cd42,a2bea244afc287c6e2da021d7845f058806a3ee24f91436c2081c3d34b4e6ef1,270403272d736ae7aee2ceda3bf8d088b6ac0cb476bb99ce0218dd8f33c3c603,research/experiments/results/e4/raw/runs/run-172-e4-c2-sym-m02
173,e4-c3-sym-m02,4,c3,C,Provable Violation,1,symbolic_only,measured,2,NONE,0,False,701918,701918,701.918,446,POLICY VIOLATION,POLICY VIOLATION,True,36564820-188c-48ae-9533-86cc4565a490,1,0,12703,0,0,success,406bf3f97c8cd682a652fc92940888a871b47e126d167b848c47cfc8391cafad,085df780e31d965efd5261c68b524bbe0c1951a2b85429931ad374eb8d3232d5,270403272d736ae7aee2ceda3bf8d088b6ac0cb476bb99ce0218dd8f33c3c603,research/experiments/results/e4/raw/runs/run-173-e4-c3-sym-m02
174,e4-c3-hyb-m02,4,c3,C,Provable Violation,1,hybrid,measured,2,VIOLATION,35833,False,0,35833,35.833,1564,POLICY VIOLATION,POLICY VIOLATION,True,NONE,0,0,0,0,0,success,406bf3f97c8cd682a652fc92940888a871b47e126d167b848c47cfc8391cafad,085df780e31d965efd5261c68b524bbe0c1951a2b85429931ad374eb8d3232d5,270403272d736ae7aee2ceda3bf8d088b6ac0cb476bb99ce0218dd8f33c3c603,research/experiments/results/e4/raw/runs/run-174-e4-c3-hyb-m02
175,e4-c4-sym-m02,4,c4,C,Provable Violation,1,symbolic_only,measured,2,NONE,0,False,704805,704805,704.805,507,POLICY VIOLATION,POLICY VIOLATION,True,b33604c2-f5b2-482e-b221-828d3dab8aa0,1,0,12718,1,0,success,be4d57db9f42690836ee331784fe922a9fa593e4cec4046e862bed7ef28755ca,0a996dcf4f20aa4ee7218f0ed8a7b9d7504f422b57ffd09278a699ad748a414c,270403272d736ae7aee2ceda3bf8d088b6ac0cb476bb99ce0218dd8f33c3c603,research/experiments/results/e4/raw/runs/run-175-e4-c4-sym-m02
176,e4-c4-hyb-m02,4,c4,C,Provable Violation,1,hybrid,measured,2,VIOLATION,33985,False,0,33985,33.985,1471,POLICY VIOLATION,POLICY VIOLATION,True,NONE,0,0,0,0,0,success,be4d57db9f42690836ee331784fe922a9fa593e4cec4046e862bed7ef28755ca,0a996dcf4f20aa4ee7218f0ed8a7b9d7504f422b57ffd09278a699ad748a414c,270403272d736ae7aee2ceda3bf8d088b6ac0cb476bb99ce0218dd8f33c3c603,research/experiments/results/e4/raw/runs/run-176-e4-c4-hyb-m02
177,e4-c5-hyb-m02,4,c5,C,Provable Violation,1,hybrid,measured,2,VIOLATION,41357,False,0,41357,41.357,1932,POLICY VIOLATION,POLICY VIOLATION,True,NONE,0,0,0,0,0,success,c5f374e0b62b032fe5eb90261d9e91a4567ad000bb5fa87d82ae880c17d2dea5,eab4a175f3742333528356ac6542b45a4eb8f5124ec45bd40194073f2e4a32b6,270403272d736ae7aee2ceda3bf8d088b6ac0cb476bb99ce0218dd8f33c3c603,research/experiments/results/e4/raw/runs/run-177-e4-c5-hyb-m02
178,e4-c5-sym-m02,4,c5,C,Provable Violation,1,symbolic_only,measured,2,NONE,0,False,684875,684875,684.875,449,POLICY VIOLATION,POLICY VIOLATION,True,0d20c762-5e8f-4b67-885e-32df78b763ad,1,0,12732,1,0,success,c5f374e0b62b032fe5eb90261d9e91a4567ad000bb5fa87d82ae880c17d2dea5,eab4a175f3742333528356ac6542b45a4eb8f5124ec45bd40194073f2e4a32b6,270403272d736ae7aee2ceda3bf8d088b6ac0cb476bb99ce0218dd8f33c3c603,research/experiments/results/e4/raw/runs/run-178-e4-c5-sym-m02
179,e4-c6-hyb-m02,4,c6,C,Provable Violation,1,hybrid,measured,2,VIOLATION,45144,False,0,45144,45.144,2727,POLICY VIOLATION,POLICY VIOLATION,True,NONE,0,0,0,0,0,success,f74120677cb8d92d4725a9c5cb2679ae43fd49dabedc2ee99b71b23318f5d7f4,51ead398a1a6e6281bcbeb4057df283dd6282b95299b660c4728dba300b7821a,270403272d736ae7aee2ceda3bf8d088b6ac0cb476bb99ce0218dd8f33c3c603,research/experiments/results/e4/raw/runs/run-179-e4-c6-hyb-m02
180,e4-c6-sym-m02,4,c6,C,Provable Violation,1,symbolic_only,measured,2,NONE,0,False,694892,694892,694.892,611,POLICY VIOLATION,POLICY VIOLATION,True,ddd203be-c381-4481-9883-e534a6b79d09,1,0,12746,1,0,success,f74120677cb8d92d4725a9c5cb2679ae43fd49dabedc2ee99b71b23318f5d7f4,51ead398a1a6e6281bcbeb4057df283dd6282b95299b660c4728dba300b7821a,270403272d736ae7aee2ceda3bf8d088b6ac0cb476bb99ce0218dd8f33c3c603,research/experiments/results/e4/raw/runs/run-180-e4-c6-sym-m02
181,e4-d1-hyb-m02,4,d1,D,Symbolic Violation,2,hybrid,measured,2,UNKNOWN,41038,True,703258,744296,744.296,2330,POLICY VIOLATION,POLICY VIOLATION,True,c3544d55-1d54-4987-8e2d-6d8677e4d910,2,0,12804,2,0,success,e8f4abe4784a922f49d7755eb61c77828bb049d624b8983921f218e191b07d58,de480574ea955b9d273ecfbd0e39d5c5a7c6421d1070d1a4bcd6a50a861f244c,270403272d736ae7aee2ceda3bf8d088b6ac0cb476bb99ce0218dd8f33c3c603,research/experiments/results/e4/raw/runs/run-181-e4-d1-hyb-m02
182,e4-d1-sym-m02,4,d1,D,Symbolic Violation,2,symbolic_only,measured,2,NONE,0,False,685080,685080,685.08,644,POLICY VIOLATION,POLICY VIOLATION,True,2f0c947b-be85-4435-a356-ae262866cecd,2,0,12804,2,0,success,e8f4abe4784a922f49d7755eb61c77828bb049d624b8983921f218e191b07d58,de480574ea955b9d273ecfbd0e39d5c5a7c6421d1070d1a4bcd6a50a861f244c,270403272d736ae7aee2ceda3bf8d088b6ac0cb476bb99ce0218dd8f33c3c603,research/experiments/results/e4/raw/runs/run-182-e4-d1-sym-m02
183,e4-d2-sym-m02,4,d2,D,Symbolic Violation,2,symbolic_only,measured,2,NONE,0,False,696949,696949,696.949,595,POLICY VIOLATION,POLICY VIOLATION,True,66918331-c27d-44c3-872c-71353100d234,2,0,12804,2,0,success,93811a8083f08a96a92238396d04235345330f1735a7f81b706c5e9222df071e,d43770c56ce04f6743b96b9a2d5ae747f1d187f3db42daf852755d8cc4d6c4bd,270403272d736ae7aee2ceda3bf8d088b6ac0cb476bb99ce0218dd8f33c3c603,research/experiments/results/e4/raw/runs/run-183-e4-d2-sym-m02
184,e4-d2-hyb-m02,4,d2,D,Symbolic Violation,2,hybrid,measured,2,UNKNOWN,34618,True,685216,719834,719.834,1989,POLICY VIOLATION,POLICY VIOLATION,True,7700b2fa-0fd9-432c-ace6-6219413aae77,2,0,12804,2,0,success,93811a8083f08a96a92238396d04235345330f1735a7f81b706c5e9222df071e,d43770c56ce04f6743b96b9a2d5ae747f1d187f3db42daf852755d8cc4d6c4bd,270403272d736ae7aee2ceda3bf8d088b6ac0cb476bb99ce0218dd8f33c3c603,research/experiments/results/e4/raw/runs/run-184-e4-d2-hyb-m02
185,e4-d3-sym-m02,4,d3,D,Symbolic Violation,4,symbolic_only,measured,2,NONE,0,False,703050,703050,703.05,487,POLICY VIOLATION,POLICY VIOLATION,True,d5c9d04d-df76-4951-9cb7-6fd246fbd332,2,0,12804,2,0,success,062f281449b23d9f9340d127a55af0b8696a13311497cd128ec6ad3d2925cc6f,b4d0639980dffdbd3cd5d0dedcef3db54822237a9543208513455db9c95031c5,270403272d736ae7aee2ceda3bf8d088b6ac0cb476bb99ce0218dd8f33c3c603,research/experiments/results/e4/raw/runs/run-185-e4-d3-sym-m02
186,e4-d3-hyb-m02,4,d3,D,Symbolic Violation,4,hybrid,measured,2,UNKNOWN,37814,True,706762,744576,744.576,2317,POLICY VIOLATION,POLICY VIOLATION,True,2b30292c-549d-48c0-95ad-f8371c0b4848,2,0,12804,2,0,success,062f281449b23d9f9340d127a55af0b8696a13311497cd128ec6ad3d2925cc6f,b4d0639980dffdbd3cd5d0dedcef3db54822237a9543208513455db9c95031c5,270403272d736ae7aee2ceda3bf8d088b6ac0cb476bb99ce0218dd8f33c3c603,research/experiments/results/e4/raw/runs/run-186-e4-d3-hyb-m02
187,e4-d4-hyb-m02,4,d4,D,Symbolic Violation,8,hybrid,measured,2,UNKNOWN,39807,True,707850,747657,747.657,2562,POLICY VIOLATION,POLICY VIOLATION,True,66215f1b-3937-47d0-afdd-2e9c2f5771d3,2,0,12804,2,0,success,612b01a0a59da13c4560018f22a4c83082a627ddc4fa1757c0a1b8dd10b5af5d,57184dd8a4623696440b54f78f23b8f1628c16c06edcfaf589874680f5865f3d,270403272d736ae7aee2ceda3bf8d088b6ac0cb476bb99ce0218dd8f33c3c603,research/experiments/results/e4/raw/runs/run-187-e4-d4-hyb-m02
188,e4-d4-sym-m02,4,d4,D,Symbolic Violation,8,symbolic_only,measured,2,NONE,0,False,694785,694785,694.785,460,POLICY VIOLATION,POLICY VIOLATION,True,cbf6f8e9-7c44-46da-b749-1df8f91bf4b6,2,0,12804,2,0,success,612b01a0a59da13c4560018f22a4c83082a627ddc4fa1757c0a1b8dd10b5af5d,57184dd8a4623696440b54f78f23b8f1628c16c06edcfaf589874680f5865f3d,270403272d736ae7aee2ceda3bf8d088b6ac0cb476bb99ce0218dd8f33c3c603,research/experiments/results/e4/raw/runs/run-188-e4-d4-sym-m02
189,e4-d5-hyb-m02,4,d5,D,Symbolic Violation,16,hybrid,measured,2,UNKNOWN,42313,True,700872,743185,743.185,2467,POLICY VIOLATION,POLICY VIOLATION,True,fc3107aa-af67-4ea4-91fb-948f56a04f86,2,0,12804,2,0,success,1c6f773d5e6af632d9090b4954df80671727997c09d6476efe6439beb1b23465,cb87ad04d7742795888acde9f608ca31c4279f281d11050319d17e0f6d0a2dc3,270403272d736ae7aee2ceda3bf8d088b6ac0cb476bb99ce0218dd8f33c3c603,research/experiments/results/e4/raw/runs/run-189-e4-d5-hyb-m02
190,e4-d5-sym-m02,4,d5,D,Symbolic Violation,16,symbolic_only,measured,2,NONE,0,False,697204,697204,697.204,794,POLICY VIOLATION,POLICY VIOLATION,True,d004fc75-8bc4-463a-b001-377c732e825a,2,0,12804,2,0,success,1c6f773d5e6af632d9090b4954df80671727997c09d6476efe6439beb1b23465,cb87ad04d7742795888acde9f608ca31c4279f281d11050319d17e0f6d0a2dc3,270403272d736ae7aee2ceda3bf8d088b6ac0cb476bb99ce0218dd8f33c3c603,research/experiments/results/e4/raw/runs/run-190-e4-d5-sym-m02
191,e4-d6-hyb-m02,4,d6,D,Symbolic Violation,32,hybrid,measured,2,UNKNOWN,42854,True,696272,739126,739.126,2498,POLICY VIOLATION,POLICY VIOLATION,True,864955cc-1700-4b07-a4b7-728e16567e4f,2,0,12804,2,0,success,58f9150e1f16a441da9249b28b870ce4b1dc9566fe4ca31ecdc3a3e733df4893,fb59f1e91dfa860ff91e6f8cd847d708923f3854809c9dd3b16c7e0457a394a0,270403272d736ae7aee2ceda3bf8d088b6ac0cb476bb99ce0218dd8f33c3c603,research/experiments/results/e4/raw/runs/run-191-e4-d6-hyb-m02
192,e4-d6-sym-m02,4,d6,D,Symbolic Violation,32,symbolic_only,measured,2,NONE,0,False,706712,706712,706.712,415,POLICY VIOLATION,POLICY VIOLATION,True,cf7a31ef-4c0d-457c-a431-75a2432ab744,2,0,12804,2,0,success,58f9150e1f16a441da9249b28b870ce4b1dc9566fe4ca31ecdc3a3e733df4893,fb59f1e91dfa860ff91e6f8cd847d708923f3854809c9dd3b16c7e0457a394a0,270403272d736ae7aee2ceda3bf8d088b6ac0cb476bb99ce0218dd8f33c3c603,research/experiments/results/e4/raw/runs/run-192-e4-d6-sym-m02
193,e4-a1-sym-m03,5,a1,A,Provable Compliant,1,symbolic_only,measured,3,NONE,0,False,681437,681437,681.437,412,COMPLIANT,COMPLIANT,True,e8f13fc4-fdfe-4953-a071-f49734352753,1,0,12695,0,0,success,cd2e9241582690fe6560e3ec50707646d771ea3b71ac87d362cc2a7cf71eeffa,afdf76a0a4465ad311a341f5b9312804dbc313d23b656b65297bcb80c489b1a7,270403272d736ae7aee2ceda3bf8d088b6ac0cb476bb99ce0218dd8f33c3c603,research/experiments/results/e4/raw/runs/run-193-e4-a1-sym-m03
194,e4-a1-hyb-m03,5,a1,A,Provable Compliant,1,hybrid,measured,3,SAFE,33425,False,0,33425,33.425,1340,COMPLIANT,COMPLIANT,True,NONE,0,0,0,0,0,success,cd2e9241582690fe6560e3ec50707646d771ea3b71ac87d362cc2a7cf71eeffa,afdf76a0a4465ad311a341f5b9312804dbc313d23b656b65297bcb80c489b1a7,270403272d736ae7aee2ceda3bf8d088b6ac0cb476bb99ce0218dd8f33c3c603,research/experiments/results/e4/raw/runs/run-194-e4-a1-hyb-m03
195,e4-a2-sym-m03,5,a2,A,Provable Compliant,1,symbolic_only,measured,3,NONE,0,False,673693,673693,673.693,425,COMPLIANT,COMPLIANT,True,c8e03291-baa6-4113-aec3-5437bcfe31c5,1,0,12695,0,0,success,91b6ceff73cd825370ecc13aa0e0776fa6d9c48b9555cc8afb5e66bda072b017,9dc5de0fd13a0d6a8104849d86653ed5790f140dda8cd1b7c0407c623963c8c7,270403272d736ae7aee2ceda3bf8d088b6ac0cb476bb99ce0218dd8f33c3c603,research/experiments/results/e4/raw/runs/run-195-e4-a2-sym-m03
196,e4-a2-hyb-m03,5,a2,A,Provable Compliant,1,hybrid,measured,3,SAFE,34114,False,0,34114,34.114,1332,COMPLIANT,COMPLIANT,True,NONE,0,0,0,0,0,success,91b6ceff73cd825370ecc13aa0e0776fa6d9c48b9555cc8afb5e66bda072b017,9dc5de0fd13a0d6a8104849d86653ed5790f140dda8cd1b7c0407c623963c8c7,270403272d736ae7aee2ceda3bf8d088b6ac0cb476bb99ce0218dd8f33c3c603,research/experiments/results/e4/raw/runs/run-196-e4-a2-hyb-m03
197,e4-a3-sym-m03,5,a3,A,Provable Compliant,1,symbolic_only,measured,3,NONE,0,False,691007,691007,691.007,685,COMPLIANT,COMPLIANT,True,cb09f135-5a99-4933-baf5-931645e4b79f,1,0,12710,1,0,success,59bd40b3104cdae5842104c56da6e19128a4e6bc5f9ec5a6495603f984631dcc,df252c1e63a2bbbbb661bbea3de41e44367397f62a660378584b07f22eb42f27,270403272d736ae7aee2ceda3bf8d088b6ac0cb476bb99ce0218dd8f33c3c603,research/experiments/results/e4/raw/runs/run-197-e4-a3-sym-m03
198,e4-a3-hyb-m03,5,a3,A,Provable Compliant,1,hybrid,measured,3,SAFE,33062,False,0,33062,33.062,1492,COMPLIANT,COMPLIANT,True,NONE,0,0,0,0,0,success,59bd40b3104cdae5842104c56da6e19128a4e6bc5f9ec5a6495603f984631dcc,df252c1e63a2bbbbb661bbea3de41e44367397f62a660378584b07f22eb42f27,270403272d736ae7aee2ceda3bf8d088b6ac0cb476bb99ce0218dd8f33c3c603,research/experiments/results/e4/raw/runs/run-198-e4-a3-hyb-m03
199,e4-a4-sym-m03,5,a4,A,Provable Compliant,1,symbolic_only,measured,3,NONE,0,False,689909,689909,689.909,702,COMPLIANT,COMPLIANT,True,662047e1-bd86-4d96-8a10-732b072c80a9,1,0,12724,1,0,success,7c9996681b7574a9340739201821f8ae20da70d312d9ced0ce7530f9e4942673,c96c78c0957df2931e2424f8f6380d8df1a0826778f7b14a174f08c329160082,270403272d736ae7aee2ceda3bf8d088b6ac0cb476bb99ce0218dd8f33c3c603,research/experiments/results/e4/raw/runs/run-199-e4-a4-sym-m03
200,e4-a4-hyb-m03,5,a4,A,Provable Compliant,1,hybrid,measured,3,SAFE,35558,False,0,35558,35.558,1937,COMPLIANT,COMPLIANT,True,NONE,0,0,0,0,0,success,7c9996681b7574a9340739201821f8ae20da70d312d9ced0ce7530f9e4942673,c96c78c0957df2931e2424f8f6380d8df1a0826778f7b14a174f08c329160082,270403272d736ae7aee2ceda3bf8d088b6ac0cb476bb99ce0218dd8f33c3c603,research/experiments/results/e4/raw/runs/run-200-e4-a4-hyb-m03
201,e4-a5-hyb-m03,5,a5,A,Provable Compliant,1,hybrid,measured,3,SAFE,38015,False,0,38015,38.015,1761,COMPLIANT,COMPLIANT,True,NONE,0,0,0,0,0,success,9b2ca4e8bfdd49875e47ed04c4c6e8f3f11d9bd4abe066f44dde72392c3cae3b,833923e85039a9e4e70c159d28396673db94a91b5a2abf062ad6c6432d2413aa,270403272d736ae7aee2ceda3bf8d088b6ac0cb476bb99ce0218dd8f33c3c603,research/experiments/results/e4/raw/runs/run-201-e4-a5-hyb-m03
202,e4-a5-sym-m03,5,a5,A,Provable Compliant,1,symbolic_only,measured,3,NONE,0,False,684600,684600,684.6,573,COMPLIANT,COMPLIANT,True,fd16fae2-b0a7-4625-be6e-864ff691ce88,1,0,12752,1,0,success,9b2ca4e8bfdd49875e47ed04c4c6e8f3f11d9bd4abe066f44dde72392c3cae3b,833923e85039a9e4e70c159d28396673db94a91b5a2abf062ad6c6432d2413aa,270403272d736ae7aee2ceda3bf8d088b6ac0cb476bb99ce0218dd8f33c3c603,research/experiments/results/e4/raw/runs/run-202-e4-a5-sym-m03
203,e4-a6-sym-m03,5,a6,A,Provable Compliant,1,symbolic_only,measured,3,NONE,0,False,706382,706382,706.382,526,COMPLIANT,COMPLIANT,True,1fd5c008-b823-4c3e-85ae-8ab102d75e06,1,0,12780,1,0,success,cb8bd929a99fe568b192efbbd6742c0adb474bbea12f5ffceff999c94b1bf4b4,60b146058a4a1389ca16d81def94d88f7fbeef981fae7f86077258d8d50fa64f,270403272d736ae7aee2ceda3bf8d088b6ac0cb476bb99ce0218dd8f33c3c603,research/experiments/results/e4/raw/runs/run-203-e4-a6-sym-m03
204,e4-a6-hyb-m03,5,a6,A,Provable Compliant,1,hybrid,measured,3,SAFE,34415,False,0,34415,34.415,1615,COMPLIANT,COMPLIANT,True,NONE,0,0,0,0,0,success,cb8bd929a99fe568b192efbbd6742c0adb474bbea12f5ffceff999c94b1bf4b4,60b146058a4a1389ca16d81def94d88f7fbeef981fae7f86077258d8d50fa64f,270403272d736ae7aee2ceda3bf8d088b6ac0cb476bb99ce0218dd8f33c3c603,research/experiments/results/e4/raw/runs/run-204-e4-a6-hyb-m03
205,e4-b1-sym-m03,5,b1,B,Uncertain Compliant,2,symbolic_only,measured,3,NONE,0,False,694890,694890,694.89,556,COMPLIANT,COMPLIANT,True,5d8e415b-cbad-4d0f-8785-609fa833a2c8,2,0,12811,2,0,success,e8022df63f9d8fd39d7f5f1c463e027e3db50edd6edf7405d4aac173659f06cd,fb95faa51b5eef338fdad8ee9b3ffa6cd965433ed4a1c991e83c85674b7c1350,270403272d736ae7aee2ceda3bf8d088b6ac0cb476bb99ce0218dd8f33c3c603,research/experiments/results/e4/raw/runs/run-205-e4-b1-sym-m03
206,e4-b1-hyb-m03,5,b1,B,Uncertain Compliant,2,hybrid,measured,3,UNKNOWN,35863,True,704366,740229,740.229,2343,COMPLIANT,COMPLIANT,True,30639564-9042-489e-bae4-0419485dce9a,2,0,12811,2,0,success,e8022df63f9d8fd39d7f5f1c463e027e3db50edd6edf7405d4aac173659f06cd,fb95faa51b5eef338fdad8ee9b3ffa6cd965433ed4a1c991e83c85674b7c1350,270403272d736ae7aee2ceda3bf8d088b6ac0cb476bb99ce0218dd8f33c3c603,research/experiments/results/e4/raw/runs/run-206-e4-b1-hyb-m03
207,e4-b2-sym-m03,5,b2,B,Uncertain Compliant,2,symbolic_only,measured,3,NONE,0,False,724850,724850,724.85,428,COMPLIANT,COMPLIANT,True,d0e2eb6e-6dd5-4c56-a1f9-1a972c72e03d,2,0,12811,2,0,success,82b933ac24404967490bfd720cee41dcce96e653be5b49263613ef7edc481672,f0f1d2e7aceef4c4ce77a19423fbb798d169877bfb0d55e5ba1e34f7786ab7bd,270403272d736ae7aee2ceda3bf8d088b6ac0cb476bb99ce0218dd8f33c3c603,research/experiments/results/e4/raw/runs/run-207-e4-b2-sym-m03
208,e4-b2-hyb-m03,5,b2,B,Uncertain Compliant,2,hybrid,measured,3,UNKNOWN,34584,True,687098,721682,721.682,2350,COMPLIANT,COMPLIANT,True,32d5ff47-bc7e-44ab-996d-9e8488e3aa46,2,0,12811,2,0,success,82b933ac24404967490bfd720cee41dcce96e653be5b49263613ef7edc481672,f0f1d2e7aceef4c4ce77a19423fbb798d169877bfb0d55e5ba1e34f7786ab7bd,270403272d736ae7aee2ceda3bf8d088b6ac0cb476bb99ce0218dd8f33c3c603,research/experiments/results/e4/raw/runs/run-208-e4-b2-hyb-m03
209,e4-b3-hyb-m03,5,b3,B,Uncertain Compliant,4,hybrid,measured,3,UNKNOWN,42521,True,708995,751516,751.516,2409,COMPLIANT,COMPLIANT,True,61c998a3-1810-40d4-bfc5-2bb261a2e6ba,4,0,13009,4,0,success,4d74e31d48ac69142db1a745c2dc8ee2730b2eae91cd02b503f1ee13dd914695,5819ee511bcdce3287ab7a7ed5f7422e2735ed21308d265e7591d048bddac580,270403272d736ae7aee2ceda3bf8d088b6ac0cb476bb99ce0218dd8f33c3c603,research/experiments/results/e4/raw/runs/run-209-e4-b3-hyb-m03
210,e4-b3-sym-m03,5,b3,B,Uncertain Compliant,4,symbolic_only,measured,3,NONE,0,False,719788,719788,719.788,414,COMPLIANT,COMPLIANT,True,a79cb0d7-3f25-4a72-9463-6e325e4d0cbb,4,0,13009,4,0,success,4d74e31d48ac69142db1a745c2dc8ee2730b2eae91cd02b503f1ee13dd914695,5819ee511bcdce3287ab7a7ed5f7422e2735ed21308d265e7591d048bddac580,270403272d736ae7aee2ceda3bf8d088b6ac0cb476bb99ce0218dd8f33c3c603,research/experiments/results/e4/raw/runs/run-210-e4-b3-sym-m03
211,e4-b4-sym-m03,5,b4,B,Uncertain Compliant,8,symbolic_only,measured,3,NONE,0,False,735411,735411,735.411,444,COMPLIANT,COMPLIANT,True,1a022347-99b5-4bc4-a376-3d7a75df8e14,8,0,13389,8,0,success,9879e967a9b4a8cbda673c429880a731032e8133ab5fca4ab309fbf08850f8f7,5a536ce8292d996b0c076ffadfeff24d9ce6e37ad567e31296a55e3c8c7cc365,270403272d736ae7aee2ceda3bf8d088b6ac0cb476bb99ce0218dd8f33c3c603,research/experiments/results/e4/raw/runs/run-211-e4-b4-sym-m03
212,e4-b4-hyb-m03,5,b4,B,Uncertain Compliant,8,hybrid,measured,3,UNKNOWN,32343,True,793727,826070,826.07,2155,COMPLIANT,COMPLIANT,True,08bd03f7-d571-49c7-a411-70a87f00f290,8,0,13389,8,0,success,9879e967a9b4a8cbda673c429880a731032e8133ab5fca4ab309fbf08850f8f7,5a536ce8292d996b0c076ffadfeff24d9ce6e37ad567e31296a55e3c8c7cc365,270403272d736ae7aee2ceda3bf8d088b6ac0cb476bb99ce0218dd8f33c3c603,research/experiments/results/e4/raw/runs/run-212-e4-b4-hyb-m03
213,e4-b5-hyb-m03,5,b5,B,Uncertain Compliant,16,hybrid,measured,3,UNKNOWN,40937,True,792605,833542,833.542,2781,COMPLIANT,COMPLIANT,True,1100dfba-f705-4aa2-8939-fdd98b8c3a50,16,0,14149,16,0,success,7a1ed578acd248ff33f53abc660b2760dc159f76ceb8cefce67ea29f1dbf0b76,eac933d8779c23116afa822902e219156037f28f0ccdd6daaba70e6fff0c82f2,270403272d736ae7aee2ceda3bf8d088b6ac0cb476bb99ce0218dd8f33c3c603,research/experiments/results/e4/raw/runs/run-213-e4-b5-hyb-m03
214,e4-b5-sym-m03,5,b5,B,Uncertain Compliant,16,symbolic_only,measured,3,NONE,0,False,808721,808721,808.721,469,COMPLIANT,COMPLIANT,True,d085ba6d-825f-45f6-a2d0-8090ce7fa0b2,16,0,14149,16,0,success,7a1ed578acd248ff33f53abc660b2760dc159f76ceb8cefce67ea29f1dbf0b76,eac933d8779c23116afa822902e219156037f28f0ccdd6daaba70e6fff0c82f2,270403272d736ae7aee2ceda3bf8d088b6ac0cb476bb99ce0218dd8f33c3c603,research/experiments/results/e4/raw/runs/run-214-e4-b5-sym-m03
215,e4-b6-hyb-m03,5,b6,B,Uncertain Compliant,32,hybrid,measured,3,UNKNOWN,40539,True,917571,958110,958.11,2548,COMPLIANT,COMPLIANT,True,c8048571-0865-4089-9cd7-a46ca370908d,32,0,15669,32,0,success,f0689a73c23d5c0f941560ec320ef94fb3e3606c45535dfbba2cd6d7d3a7c6ea,4844435af8708232beb8297750e352df11ba463fb893228bbd1ce8951fe6a3fa,270403272d736ae7aee2ceda3bf8d088b6ac0cb476bb99ce0218dd8f33c3c603,research/experiments/results/e4/raw/runs/run-215-e4-b6-hyb-m03
216,e4-b6-sym-m03,5,b6,B,Uncertain Compliant,32,symbolic_only,measured,3,NONE,0,False,888403,888403,888.403,499,COMPLIANT,COMPLIANT,True,9d7c62e9-46b5-4730-badf-002551ef0a41,32,0,15669,32,0,success,f0689a73c23d5c0f941560ec320ef94fb3e3606c45535dfbba2cd6d7d3a7c6ea,4844435af8708232beb8297750e352df11ba463fb893228bbd1ce8951fe6a3fa,270403272d736ae7aee2ceda3bf8d088b6ac0cb476bb99ce0218dd8f33c3c603,research/experiments/results/e4/raw/runs/run-216-e4-b6-sym-m03
217,e4-c1-hyb-m03,5,c1,C,Provable Violation,1,hybrid,measured,3,VIOLATION,49047,False,0,49047,49.047,1723,POLICY VIOLATION,POLICY VIOLATION,True,NONE,0,0,0,0,0,success,1c031ad911d3996684367291bb0a7bfbb66916aa7de7c87600e5aab80eb2053d,d6a1ceab0a167d80255aa7ba022314c70b73173bd0022218fdb726cf1fb9e5e2,270403272d736ae7aee2ceda3bf8d088b6ac0cb476bb99ce0218dd8f33c3c603,research/experiments/results/e4/raw/runs/run-217-e4-c1-hyb-m03
218,e4-c1-sym-m03,5,c1,C,Provable Violation,1,symbolic_only,measured,3,NONE,0,False,662236,662236,662.236,466,POLICY VIOLATION,POLICY VIOLATION,True,e519ce94-ceeb-4089-a060-dc4509d2884a,1,0,12703,0,0,success,1c031ad911d3996684367291bb0a7bfbb66916aa7de7c87600e5aab80eb2053d,d6a1ceab0a167d80255aa7ba022314c70b73173bd0022218fdb726cf1fb9e5e2,270403272d736ae7aee2ceda3bf8d088b6ac0cb476bb99ce0218dd8f33c3c603,research/experiments/results/e4/raw/runs/run-218-e4-c1-sym-m03
219,e4-c2-sym-m03,5,c2,C,Provable Violation,1,symbolic_only,measured,3,NONE,0,False,686228,686228,686.228,421,POLICY VIOLATION,POLICY VIOLATION,True,0f7605e4-adc5-4842-9a9c-fed95f4636eb,1,0,12703,0,0,success,23668b6ce0e8c902fce01b534c941b4bff5614b733f56b5616f36aa80224cd42,a2bea244afc287c6e2da021d7845f058806a3ee24f91436c2081c3d34b4e6ef1,270403272d736ae7aee2ceda3bf8d088b6ac0cb476bb99ce0218dd8f33c3c603,research/experiments/results/e4/raw/runs/run-219-e4-c2-sym-m03
220,e4-c2-hyb-m03,5,c2,C,Provable Violation,1,hybrid,measured,3,VIOLATION,38149,False,0,38149,38.149,1700,POLICY VIOLATION,POLICY VIOLATION,True,NONE,0,0,0,0,0,success,23668b6ce0e8c902fce01b534c941b4bff5614b733f56b5616f36aa80224cd42,a2bea244afc287c6e2da021d7845f058806a3ee24f91436c2081c3d34b4e6ef1,270403272d736ae7aee2ceda3bf8d088b6ac0cb476bb99ce0218dd8f33c3c603,research/experiments/results/e4/raw/runs/run-220-e4-c2-hyb-m03
221,e4-c3-sym-m03,5,c3,C,Provable Violation,1,symbolic_only,measured,3,NONE,0,False,671862,671862,671.862,726,POLICY VIOLATION,POLICY VIOLATION,True,bca91345-ae73-49ce-8962-0ae041594a56,1,0,12703,0,0,success,406bf3f97c8cd682a652fc92940888a871b47e126d167b848c47cfc8391cafad,085df780e31d965efd5261c68b524bbe0c1951a2b85429931ad374eb8d3232d5,270403272d736ae7aee2ceda3bf8d088b6ac0cb476bb99ce0218dd8f33c3c603,research/experiments/results/e4/raw/runs/run-221-e4-c3-sym-m03
222,e4-c3-hyb-m03,5,c3,C,Provable Violation,1,hybrid,measured,3,VIOLATION,38719,False,0,38719,38.719,1540,POLICY VIOLATION,POLICY VIOLATION,True,NONE,0,0,0,0,0,success,406bf3f97c8cd682a652fc92940888a871b47e126d167b848c47cfc8391cafad,085df780e31d965efd5261c68b524bbe0c1951a2b85429931ad374eb8d3232d5,270403272d736ae7aee2ceda3bf8d088b6ac0cb476bb99ce0218dd8f33c3c603,research/experiments/results/e4/raw/runs/run-222-e4-c3-hyb-m03
223,e4-c4-hyb-m03,5,c4,C,Provable Violation,1,hybrid,measured,3,VIOLATION,43433,False,0,43433,43.433,1812,POLICY VIOLATION,POLICY VIOLATION,True,NONE,0,0,0,0,0,success,be4d57db9f42690836ee331784fe922a9fa593e4cec4046e862bed7ef28755ca,0a996dcf4f20aa4ee7218f0ed8a7b9d7504f422b57ffd09278a699ad748a414c,270403272d736ae7aee2ceda3bf8d088b6ac0cb476bb99ce0218dd8f33c3c603,research/experiments/results/e4/raw/runs/run-223-e4-c4-hyb-m03
224,e4-c4-sym-m03,5,c4,C,Provable Violation,1,symbolic_only,measured,3,NONE,0,False,682133,682133,682.133,448,POLICY VIOLATION,POLICY VIOLATION,True,f6ca2527-56f2-4392-8a78-1f5b1ca33589,1,0,12718,1,0,success,be4d57db9f42690836ee331784fe922a9fa593e4cec4046e862bed7ef28755ca,0a996dcf4f20aa4ee7218f0ed8a7b9d7504f422b57ffd09278a699ad748a414c,270403272d736ae7aee2ceda3bf8d088b6ac0cb476bb99ce0218dd8f33c3c603,research/experiments/results/e4/raw/runs/run-224-e4-c4-sym-m03
225,e4-c5-sym-m03,5,c5,C,Provable Violation,1,symbolic_only,measured,3,NONE,0,False,699570,699570,699.57,572,POLICY VIOLATION,POLICY VIOLATION,True,af959cbf-d06f-44e2-9eff-915e62ab36d3,1,0,12732,1,0,success,c5f374e0b62b032fe5eb90261d9e91a4567ad000bb5fa87d82ae880c17d2dea5,eab4a175f3742333528356ac6542b45a4eb8f5124ec45bd40194073f2e4a32b6,270403272d736ae7aee2ceda3bf8d088b6ac0cb476bb99ce0218dd8f33c3c603,research/experiments/results/e4/raw/runs/run-225-e4-c5-sym-m03
226,e4-c5-hyb-m03,5,c5,C,Provable Violation,1,hybrid,measured,3,VIOLATION,32820,False,0,32820,32.82,1728,POLICY VIOLATION,POLICY VIOLATION,True,NONE,0,0,0,0,0,success,c5f374e0b62b032fe5eb90261d9e91a4567ad000bb5fa87d82ae880c17d2dea5,eab4a175f3742333528356ac6542b45a4eb8f5124ec45bd40194073f2e4a32b6,270403272d736ae7aee2ceda3bf8d088b6ac0cb476bb99ce0218dd8f33c3c603,research/experiments/results/e4/raw/runs/run-226-e4-c5-hyb-m03
227,e4-c6-hyb-m03,5,c6,C,Provable Violation,1,hybrid,measured,3,VIOLATION,42777,False,0,42777,42.777,2192,POLICY VIOLATION,POLICY VIOLATION,True,NONE,0,0,0,0,0,success,f74120677cb8d92d4725a9c5cb2679ae43fd49dabedc2ee99b71b23318f5d7f4,51ead398a1a6e6281bcbeb4057df283dd6282b95299b660c4728dba300b7821a,270403272d736ae7aee2ceda3bf8d088b6ac0cb476bb99ce0218dd8f33c3c603,research/experiments/results/e4/raw/runs/run-227-e4-c6-hyb-m03
228,e4-c6-sym-m03,5,c6,C,Provable Violation,1,symbolic_only,measured,3,NONE,0,False,678307,678307,678.307,577,POLICY VIOLATION,POLICY VIOLATION,True,a38a19ab-2d46-4f2e-93fe-3c043281307d,1,0,12746,1,0,success,f74120677cb8d92d4725a9c5cb2679ae43fd49dabedc2ee99b71b23318f5d7f4,51ead398a1a6e6281bcbeb4057df283dd6282b95299b660c4728dba300b7821a,270403272d736ae7aee2ceda3bf8d088b6ac0cb476bb99ce0218dd8f33c3c603,research/experiments/results/e4/raw/runs/run-228-e4-c6-sym-m03
229,e4-d1-sym-m03,5,d1,D,Symbolic Violation,2,symbolic_only,measured,3,NONE,0,False,698296,698296,698.296,507,POLICY VIOLATION,POLICY VIOLATION,True,b3e4c42b-e184-4dbf-8463-6b75f60b72a2,2,0,12804,2,0,success,e8f4abe4784a922f49d7755eb61c77828bb049d624b8983921f218e191b07d58,de480574ea955b9d273ecfbd0e39d5c5a7c6421d1070d1a4bcd6a50a861f244c,270403272d736ae7aee2ceda3bf8d088b6ac0cb476bb99ce0218dd8f33c3c603,research/experiments/results/e4/raw/runs/run-229-e4-d1-sym-m03
230,e4-d1-hyb-m03,5,d1,D,Symbolic Violation,2,hybrid,measured,3,UNKNOWN,35636,True,700032,735668,735.668,2524,POLICY VIOLATION,POLICY VIOLATION,True,c40ba6a6-b699-4d02-b0fd-725279df7e88,2,0,12804,2,0,success,e8f4abe4784a922f49d7755eb61c77828bb049d624b8983921f218e191b07d58,de480574ea955b9d273ecfbd0e39d5c5a7c6421d1070d1a4bcd6a50a861f244c,270403272d736ae7aee2ceda3bf8d088b6ac0cb476bb99ce0218dd8f33c3c603,research/experiments/results/e4/raw/runs/run-230-e4-d1-hyb-m03
231,e4-d2-sym-m03,5,d2,D,Symbolic Violation,2,symbolic_only,measured,3,NONE,0,False,705614,705614,705.614,544,POLICY VIOLATION,POLICY VIOLATION,True,84967484-fd31-4adc-8eea-50e294555161,2,0,12804,2,0,success,93811a8083f08a96a92238396d04235345330f1735a7f81b706c5e9222df071e,d43770c56ce04f6743b96b9a2d5ae747f1d187f3db42daf852755d8cc4d6c4bd,270403272d736ae7aee2ceda3bf8d088b6ac0cb476bb99ce0218dd8f33c3c603,research/experiments/results/e4/raw/runs/run-231-e4-d2-sym-m03
232,e4-d2-hyb-m03,5,d2,D,Symbolic Violation,2,hybrid,measured,3,UNKNOWN,33045,True,700152,733197,733.197,2069,POLICY VIOLATION,POLICY VIOLATION,True,b58e8ac9-962f-466d-ba9f-dc8f911ff424,2,0,12804,2,0,success,93811a8083f08a96a92238396d04235345330f1735a7f81b706c5e9222df071e,d43770c56ce04f6743b96b9a2d5ae747f1d187f3db42daf852755d8cc4d6c4bd,270403272d736ae7aee2ceda3bf8d088b6ac0cb476bb99ce0218dd8f33c3c603,research/experiments/results/e4/raw/runs/run-232-e4-d2-hyb-m03
233,e4-d3-hyb-m03,5,d3,D,Symbolic Violation,4,hybrid,measured,3,UNKNOWN,40988,True,696345,737333,737.333,2620,POLICY VIOLATION,POLICY VIOLATION,True,062b8ae1-882c-40a8-9a60-742de61c94d9,2,0,12804,2,0,success,062f281449b23d9f9340d127a55af0b8696a13311497cd128ec6ad3d2925cc6f,b4d0639980dffdbd3cd5d0dedcef3db54822237a9543208513455db9c95031c5,270403272d736ae7aee2ceda3bf8d088b6ac0cb476bb99ce0218dd8f33c3c603,research/experiments/results/e4/raw/runs/run-233-e4-d3-hyb-m03
234,e4-d3-sym-m03,5,d3,D,Symbolic Violation,4,symbolic_only,measured,3,NONE,0,False,702796,702796,702.796,739,POLICY VIOLATION,POLICY VIOLATION,True,cefd54bd-0038-4bc8-9f36-bc08ead863c2,2,0,12804,2,0,success,062f281449b23d9f9340d127a55af0b8696a13311497cd128ec6ad3d2925cc6f,b4d0639980dffdbd3cd5d0dedcef3db54822237a9543208513455db9c95031c5,270403272d736ae7aee2ceda3bf8d088b6ac0cb476bb99ce0218dd8f33c3c603,research/experiments/results/e4/raw/runs/run-234-e4-d3-sym-m03
235,e4-d4-sym-m03,5,d4,D,Symbolic Violation,8,symbolic_only,measured,3,NONE,0,False,716656,716656,716.656,440,POLICY VIOLATION,POLICY VIOLATION,True,742a62a6-7b87-47d7-89e5-0455d7115ae3,2,0,12804,2,0,success,612b01a0a59da13c4560018f22a4c83082a627ddc4fa1757c0a1b8dd10b5af5d,57184dd8a4623696440b54f78f23b8f1628c16c06edcfaf589874680f5865f3d,270403272d736ae7aee2ceda3bf8d088b6ac0cb476bb99ce0218dd8f33c3c603,research/experiments/results/e4/raw/runs/run-235-e4-d4-sym-m03
236,e4-d4-hyb-m03,5,d4,D,Symbolic Violation,8,hybrid,measured,3,UNKNOWN,33763,True,702057,735820,735.82,1977,POLICY VIOLATION,POLICY VIOLATION,True,075b50ae-7df8-4207-bb65-e621c61664df,2,0,12804,2,0,success,612b01a0a59da13c4560018f22a4c83082a627ddc4fa1757c0a1b8dd10b5af5d,57184dd8a4623696440b54f78f23b8f1628c16c06edcfaf589874680f5865f3d,270403272d736ae7aee2ceda3bf8d088b6ac0cb476bb99ce0218dd8f33c3c603,research/experiments/results/e4/raw/runs/run-236-e4-d4-hyb-m03
237,e4-d5-sym-m03,5,d5,D,Symbolic Violation,16,symbolic_only,measured,3,NONE,0,False,702305,702305,702.305,600,POLICY VIOLATION,POLICY VIOLATION,True,b6ca9e6e-5104-4d48-8643-6f8167377f1d,2,0,12804,2,0,success,1c6f773d5e6af632d9090b4954df80671727997c09d6476efe6439beb1b23465,cb87ad04d7742795888acde9f608ca31c4279f281d11050319d17e0f6d0a2dc3,270403272d736ae7aee2ceda3bf8d088b6ac0cb476bb99ce0218dd8f33c3c603,research/experiments/results/e4/raw/runs/run-237-e4-d5-sym-m03
238,e4-d5-hyb-m03,5,d5,D,Symbolic Violation,16,hybrid,measured,3,UNKNOWN,34960,True,696967,731927,731.927,1993,POLICY VIOLATION,POLICY VIOLATION,True,ed5e39e5-1e10-4f29-991a-ef070ad32730,2,0,12804,2,0,success,1c6f773d5e6af632d9090b4954df80671727997c09d6476efe6439beb1b23465,cb87ad04d7742795888acde9f608ca31c4279f281d11050319d17e0f6d0a2dc3,270403272d736ae7aee2ceda3bf8d088b6ac0cb476bb99ce0218dd8f33c3c603,research/experiments/results/e4/raw/runs/run-238-e4-d5-hyb-m03
239,e4-d6-hyb-m03,5,d6,D,Symbolic Violation,32,hybrid,measured,3,UNKNOWN,43925,True,696890,740815,740.815,2756,POLICY VIOLATION,POLICY VIOLATION,True,90b26712-e1bb-4481-ac4d-f63ee3009c27,2,0,12804,2,0,success,58f9150e1f16a441da9249b28b870ce4b1dc9566fe4ca31ecdc3a3e733df4893,fb59f1e91dfa860ff91e6f8cd847d708923f3854809c9dd3b16c7e0457a394a0,270403272d736ae7aee2ceda3bf8d088b6ac0cb476bb99ce0218dd8f33c3c603,research/experiments/results/e4/raw/runs/run-239-e4-d6-hyb-m03
240,e4-d6-sym-m03,5,d6,D,Symbolic Violation,32,symbolic_only,measured,3,NONE,0,False,696108,696108,696.108,760,POLICY VIOLATION,POLICY VIOLATION,True,19672897-effa-4851-b1b3-cda89f71e1fe,2,0,12804,2,0,success,58f9150e1f16a441da9249b28b870ce4b1dc9566fe4ca31ecdc3a3e733df4893,fb59f1e91dfa860ff91e6f8cd847d708923f3854809c9dd3b16c7e0457a394a0,270403272d736ae7aee2ceda3bf8d088b6ac0cb476bb99ce0218dd8f33c3c603,research/experiments/results/e4/raw/runs/run-240-e4-d6-sym-m03
241,e4-a1-sym-m04,6,a1,A,Provable Compliant,1,symbolic_only,measured,4,NONE,0,False,696107,696107,696.107,428,COMPLIANT,COMPLIANT,True,8a7a1c65-a556-48d7-aae9-5df2aa97175f,1,0,12695,0,0,success,cd2e9241582690fe6560e3ec50707646d771ea3b71ac87d362cc2a7cf71eeffa,afdf76a0a4465ad311a341f5b9312804dbc313d23b656b65297bcb80c489b1a7,270403272d736ae7aee2ceda3bf8d088b6ac0cb476bb99ce0218dd8f33c3c603,research/experiments/results/e4/raw/runs/run-241-e4-a1-sym-m04
242,e4-a1-hyb-m04,6,a1,A,Provable Compliant,1,hybrid,measured,4,SAFE,34072,False,0,34072,34.072,1749,COMPLIANT,COMPLIANT,True,NONE,0,0,0,0,0,success,cd2e9241582690fe6560e3ec50707646d771ea3b71ac87d362cc2a7cf71eeffa,afdf76a0a4465ad311a341f5b9312804dbc313d23b656b65297bcb80c489b1a7,270403272d736ae7aee2ceda3bf8d088b6ac0cb476bb99ce0218dd8f33c3c603,research/experiments/results/e4/raw/runs/run-242-e4-a1-hyb-m04
243,e4-a2-sym-m04,6,a2,A,Provable Compliant,1,symbolic_only,measured,4,NONE,0,False,685677,685677,685.677,460,COMPLIANT,COMPLIANT,True,f2ba6c26-4f2d-4ab3-bce4-82a3f6d8863d,1,0,12695,0,0,success,91b6ceff73cd825370ecc13aa0e0776fa6d9c48b9555cc8afb5e66bda072b017,9dc5de0fd13a0d6a8104849d86653ed5790f140dda8cd1b7c0407c623963c8c7,270403272d736ae7aee2ceda3bf8d088b6ac0cb476bb99ce0218dd8f33c3c603,research/experiments/results/e4/raw/runs/run-243-e4-a2-sym-m04
244,e4-a2-hyb-m04,6,a2,A,Provable Compliant,1,hybrid,measured,4,SAFE,36808,False,0,36808,36.808,1787,COMPLIANT,COMPLIANT,True,NONE,0,0,0,0,0,success,91b6ceff73cd825370ecc13aa0e0776fa6d9c48b9555cc8afb5e66bda072b017,9dc5de0fd13a0d6a8104849d86653ed5790f140dda8cd1b7c0407c623963c8c7,270403272d736ae7aee2ceda3bf8d088b6ac0cb476bb99ce0218dd8f33c3c603,research/experiments/results/e4/raw/runs/run-244-e4-a2-hyb-m04
245,e4-a3-sym-m04,6,a3,A,Provable Compliant,1,symbolic_only,measured,4,NONE,0,False,683972,683972,683.972,560,COMPLIANT,COMPLIANT,True,a0620f4d-920f-424a-861a-dcd11a79eb53,1,0,12710,1,0,success,59bd40b3104cdae5842104c56da6e19128a4e6bc5f9ec5a6495603f984631dcc,df252c1e63a2bbbbb661bbea3de41e44367397f62a660378584b07f22eb42f27,270403272d736ae7aee2ceda3bf8d088b6ac0cb476bb99ce0218dd8f33c3c603,research/experiments/results/e4/raw/runs/run-245-e4-a3-sym-m04
246,e4-a3-hyb-m04,6,a3,A,Provable Compliant,1,hybrid,measured,4,SAFE,32822,False,0,32822,32.822,1927,COMPLIANT,COMPLIANT,True,NONE,0,0,0,0,0,success,59bd40b3104cdae5842104c56da6e19128a4e6bc5f9ec5a6495603f984631dcc,df252c1e63a2bbbbb661bbea3de41e44367397f62a660378584b07f22eb42f27,270403272d736ae7aee2ceda3bf8d088b6ac0cb476bb99ce0218dd8f33c3c603,research/experiments/results/e4/raw/runs/run-246-e4-a3-hyb-m04
247,e4-a4-sym-m04,6,a4,A,Provable Compliant,1,symbolic_only,measured,4,NONE,0,False,685776,685776,685.776,585,COMPLIANT,COMPLIANT,True,14624a79-d614-4007-94d5-691e1a98c72c,1,0,12724,1,0,success,7c9996681b7574a9340739201821f8ae20da70d312d9ced0ce7530f9e4942673,c96c78c0957df2931e2424f8f6380d8df1a0826778f7b14a174f08c329160082,270403272d736ae7aee2ceda3bf8d088b6ac0cb476bb99ce0218dd8f33c3c603,research/experiments/results/e4/raw/runs/run-247-e4-a4-sym-m04
248,e4-a4-hyb-m04,6,a4,A,Provable Compliant,1,hybrid,measured,4,SAFE,39597,False,0,39597,39.597,1873,COMPLIANT,COMPLIANT,True,NONE,0,0,0,0,0,success,7c9996681b7574a9340739201821f8ae20da70d312d9ced0ce7530f9e4942673,c96c78c0957df2931e2424f8f6380d8df1a0826778f7b14a174f08c329160082,270403272d736ae7aee2ceda3bf8d088b6ac0cb476bb99ce0218dd8f33c3c603,research/experiments/results/e4/raw/runs/run-248-e4-a4-hyb-m04
249,e4-a5-hyb-m04,6,a5,A,Provable Compliant,1,hybrid,measured,4,SAFE,40515,False,0,40515,40.515,1724,COMPLIANT,COMPLIANT,True,NONE,0,0,0,0,0,success,9b2ca4e8bfdd49875e47ed04c4c6e8f3f11d9bd4abe066f44dde72392c3cae3b,833923e85039a9e4e70c159d28396673db94a91b5a2abf062ad6c6432d2413aa,270403272d736ae7aee2ceda3bf8d088b6ac0cb476bb99ce0218dd8f33c3c603,research/experiments/results/e4/raw/runs/run-249-e4-a5-hyb-m04
250,e4-a5-sym-m04,6,a5,A,Provable Compliant,1,symbolic_only,measured,4,NONE,0,False,691530,691530,691.53,468,COMPLIANT,COMPLIANT,True,03031b87-5070-4c8a-9f59-62c4dbaf23aa,1,0,12752,1,0,success,9b2ca4e8bfdd49875e47ed04c4c6e8f3f11d9bd4abe066f44dde72392c3cae3b,833923e85039a9e4e70c159d28396673db94a91b5a2abf062ad6c6432d2413aa,270403272d736ae7aee2ceda3bf8d088b6ac0cb476bb99ce0218dd8f33c3c603,research/experiments/results/e4/raw/runs/run-250-e4-a5-sym-m04
251,e4-a6-hyb-m04,6,a6,A,Provable Compliant,1,hybrid,measured,4,SAFE,38517,False,0,38517,38.517,1959,COMPLIANT,COMPLIANT,True,NONE,0,0,0,0,0,success,cb8bd929a99fe568b192efbbd6742c0adb474bbea12f5ffceff999c94b1bf4b4,60b146058a4a1389ca16d81def94d88f7fbeef981fae7f86077258d8d50fa64f,270403272d736ae7aee2ceda3bf8d088b6ac0cb476bb99ce0218dd8f33c3c603,research/experiments/results/e4/raw/runs/run-251-e4-a6-hyb-m04
252,e4-a6-sym-m04,6,a6,A,Provable Compliant,1,symbolic_only,measured,4,NONE,0,False,684438,684438,684.438,472,COMPLIANT,COMPLIANT,True,49eee279-4b9e-4e41-80b9-67c89de2f898,1,0,12780,1,0,success,cb8bd929a99fe568b192efbbd6742c0adb474bbea12f5ffceff999c94b1bf4b4,60b146058a4a1389ca16d81def94d88f7fbeef981fae7f86077258d8d50fa64f,270403272d736ae7aee2ceda3bf8d088b6ac0cb476bb99ce0218dd8f33c3c603,research/experiments/results/e4/raw/runs/run-252-e4-a6-sym-m04
253,e4-b1-hyb-m04,6,b1,B,Uncertain Compliant,2,hybrid,measured,4,UNKNOWN,47510,True,680907,728417,728.417,2918,COMPLIANT,COMPLIANT,True,cd685894-462f-41f5-9ae2-30a2b01f9d73,2,0,12811,2,0,success,e8022df63f9d8fd39d7f5f1c463e027e3db50edd6edf7405d4aac173659f06cd,fb95faa51b5eef338fdad8ee9b3ffa6cd965433ed4a1c991e83c85674b7c1350,270403272d736ae7aee2ceda3bf8d088b6ac0cb476bb99ce0218dd8f33c3c603,research/experiments/results/e4/raw/runs/run-253-e4-b1-hyb-m04
254,e4-b1-sym-m04,6,b1,B,Uncertain Compliant,2,symbolic_only,measured,4,NONE,0,False,687199,687199,687.199,489,COMPLIANT,COMPLIANT,True,41a0537e-459d-49c0-9a2f-d6d689efb01f,2,0,12811,2,0,success,e8022df63f9d8fd39d7f5f1c463e027e3db50edd6edf7405d4aac173659f06cd,fb95faa51b5eef338fdad8ee9b3ffa6cd965433ed4a1c991e83c85674b7c1350,270403272d736ae7aee2ceda3bf8d088b6ac0cb476bb99ce0218dd8f33c3c603,research/experiments/results/e4/raw/runs/run-254-e4-b1-sym-m04
255,e4-b2-sym-m04,6,b2,B,Uncertain Compliant,2,symbolic_only,measured,4,NONE,0,False,702746,702746,702.746,813,COMPLIANT,COMPLIANT,True,ee093694-2275-4b51-9dda-6af9608dab21,2,0,12811,2,0,success,82b933ac24404967490bfd720cee41dcce96e653be5b49263613ef7edc481672,f0f1d2e7aceef4c4ce77a19423fbb798d169877bfb0d55e5ba1e34f7786ab7bd,270403272d736ae7aee2ceda3bf8d088b6ac0cb476bb99ce0218dd8f33c3c603,research/experiments/results/e4/raw/runs/run-255-e4-b2-sym-m04
256,e4-b2-hyb-m04,6,b2,B,Uncertain Compliant,2,hybrid,measured,4,UNKNOWN,40234,True,711192,751426,751.426,2312,COMPLIANT,COMPLIANT,True,476c8faa-e016-4240-a92d-fa84808ac401,2,0,12811,2,0,success,82b933ac24404967490bfd720cee41dcce96e653be5b49263613ef7edc481672,f0f1d2e7aceef4c4ce77a19423fbb798d169877bfb0d55e5ba1e34f7786ab7bd,270403272d736ae7aee2ceda3bf8d088b6ac0cb476bb99ce0218dd8f33c3c603,research/experiments/results/e4/raw/runs/run-256-e4-b2-hyb-m04
257,e4-b3-sym-m04,6,b3,B,Uncertain Compliant,4,symbolic_only,measured,4,NONE,0,False,760718,760718,760.718,418,COMPLIANT,COMPLIANT,True,51b74bb4-d162-404d-8959-5036533ff664,4,0,13009,4,0,success,4d74e31d48ac69142db1a745c2dc8ee2730b2eae91cd02b503f1ee13dd914695,5819ee511bcdce3287ab7a7ed5f7422e2735ed21308d265e7591d048bddac580,270403272d736ae7aee2ceda3bf8d088b6ac0cb476bb99ce0218dd8f33c3c603,research/experiments/results/e4/raw/runs/run-257-e4-b3-sym-m04
258,e4-b3-hyb-m04,6,b3,B,Uncertain Compliant,4,hybrid,measured,4,UNKNOWN,40028,True,709719,749747,749.747,2661,COMPLIANT,COMPLIANT,True,b91d3abf-187d-4d16-b133-f895513874f1,4,0,13009,4,0,success,4d74e31d48ac69142db1a745c2dc8ee2730b2eae91cd02b503f1ee13dd914695,5819ee511bcdce3287ab7a7ed5f7422e2735ed21308d265e7591d048bddac580,270403272d736ae7aee2ceda3bf8d088b6ac0cb476bb99ce0218dd8f33c3c603,research/experiments/results/e4/raw/runs/run-258-e4-b3-hyb-m04
259,e4-b4-sym-m04,6,b4,B,Uncertain Compliant,8,symbolic_only,measured,4,NONE,0,False,724665,724665,724.665,579,COMPLIANT,COMPLIANT,True,e356ba8a-0332-4594-9319-ad43152e9184,8,0,13389,8,0,success,9879e967a9b4a8cbda673c429880a731032e8133ab5fca4ab309fbf08850f8f7,5a536ce8292d996b0c076ffadfeff24d9ce6e37ad567e31296a55e3c8c7cc365,270403272d736ae7aee2ceda3bf8d088b6ac0cb476bb99ce0218dd8f33c3c603,research/experiments/results/e4/raw/runs/run-259-e4-b4-sym-m04
260,e4-b4-hyb-m04,6,b4,B,Uncertain Compliant,8,hybrid,measured,4,UNKNOWN,33816,True,735686,769502,769.502,2295,COMPLIANT,COMPLIANT,True,0de49928-4ddf-4d0f-bd62-6c809516806a,8,0,13389,8,0,success,9879e967a9b4a8cbda673c429880a731032e8133ab5fca4ab309fbf08850f8f7,5a536ce8292d996b0c076ffadfeff24d9ce6e37ad567e31296a55e3c8c7cc365,270403272d736ae7aee2ceda3bf8d088b6ac0cb476bb99ce0218dd8f33c3c603,research/experiments/results/e4/raw/runs/run-260-e4-b4-hyb-m04
261,e4-b5-hyb-m04,6,b5,B,Uncertain Compliant,16,hybrid,measured,4,UNKNOWN,40433,True,769119,809552,809.552,2539,COMPLIANT,COMPLIANT,True,cc8c5002-b481-4970-9693-1a5c9e4728b1,16,0,14149,16,0,success,7a1ed578acd248ff33f53abc660b2760dc159f76ceb8cefce67ea29f1dbf0b76,eac933d8779c23116afa822902e219156037f28f0ccdd6daaba70e6fff0c82f2,270403272d736ae7aee2ceda3bf8d088b6ac0cb476bb99ce0218dd8f33c3c603,research/experiments/results/e4/raw/runs/run-261-e4-b5-hyb-m04
262,e4-b5-sym-m04,6,b5,B,Uncertain Compliant,16,symbolic_only,measured,4,NONE,0,False,790644,790644,790.644,910,COMPLIANT,COMPLIANT,True,8620d975-98a6-4338-a1d7-c47cd4414af6,16,0,14149,16,0,success,7a1ed578acd248ff33f53abc660b2760dc159f76ceb8cefce67ea29f1dbf0b76,eac933d8779c23116afa822902e219156037f28f0ccdd6daaba70e6fff0c82f2,270403272d736ae7aee2ceda3bf8d088b6ac0cb476bb99ce0218dd8f33c3c603,research/experiments/results/e4/raw/runs/run-262-e4-b5-sym-m04
263,e4-b6-hyb-m04,6,b6,B,Uncertain Compliant,32,hybrid,measured,4,UNKNOWN,45575,True,907914,953489,953.489,3657,COMPLIANT,COMPLIANT,True,216bc17d-3a54-47e8-aa60-07e2591c3ecc,32,0,15669,32,0,success,f0689a73c23d5c0f941560ec320ef94fb3e3606c45535dfbba2cd6d7d3a7c6ea,4844435af8708232beb8297750e352df11ba463fb893228bbd1ce8951fe6a3fa,270403272d736ae7aee2ceda3bf8d088b6ac0cb476bb99ce0218dd8f33c3c603,research/experiments/results/e4/raw/runs/run-263-e4-b6-hyb-m04
264,e4-b6-sym-m04,6,b6,B,Uncertain Compliant,32,symbolic_only,measured,4,NONE,0,False,893941,893941,893.941,517,COMPLIANT,COMPLIANT,True,e483061d-474f-4d02-b982-86a8a18cb32a,32,0,15669,32,0,success,f0689a73c23d5c0f941560ec320ef94fb3e3606c45535dfbba2cd6d7d3a7c6ea,4844435af8708232beb8297750e352df11ba463fb893228bbd1ce8951fe6a3fa,270403272d736ae7aee2ceda3bf8d088b6ac0cb476bb99ce0218dd8f33c3c603,research/experiments/results/e4/raw/runs/run-264-e4-b6-sym-m04
265,e4-c1-sym-m04,6,c1,C,Provable Violation,1,symbolic_only,measured,4,NONE,0,False,682795,682795,682.795,613,POLICY VIOLATION,POLICY VIOLATION,True,5a223e8a-e2c6-4aee-bba5-1846e5e24510,1,0,12703,0,0,success,1c031ad911d3996684367291bb0a7bfbb66916aa7de7c87600e5aab80eb2053d,d6a1ceab0a167d80255aa7ba022314c70b73173bd0022218fdb726cf1fb9e5e2,270403272d736ae7aee2ceda3bf8d088b6ac0cb476bb99ce0218dd8f33c3c603,research/experiments/results/e4/raw/runs/run-265-e4-c1-sym-m04
266,e4-c1-hyb-m04,6,c1,C,Provable Violation,1,hybrid,measured,4,VIOLATION,34694,False,0,34694,34.694,1545,POLICY VIOLATION,POLICY VIOLATION,True,NONE,0,0,0,0,0,success,1c031ad911d3996684367291bb0a7bfbb66916aa7de7c87600e5aab80eb2053d,d6a1ceab0a167d80255aa7ba022314c70b73173bd0022218fdb726cf1fb9e5e2,270403272d736ae7aee2ceda3bf8d088b6ac0cb476bb99ce0218dd8f33c3c603,research/experiments/results/e4/raw/runs/run-266-e4-c1-hyb-m04
267,e4-c2-sym-m04,6,c2,C,Provable Violation,1,symbolic_only,measured,4,NONE,0,False,673307,673307,673.307,611,POLICY VIOLATION,POLICY VIOLATION,True,b33a21a7-d2f8-4290-b201-6d0606782042,1,0,12703,0,0,success,23668b6ce0e8c902fce01b534c941b4bff5614b733f56b5616f36aa80224cd42,a2bea244afc287c6e2da021d7845f058806a3ee24f91436c2081c3d34b4e6ef1,270403272d736ae7aee2ceda3bf8d088b6ac0cb476bb99ce0218dd8f33c3c603,research/experiments/results/e4/raw/runs/run-267-e4-c2-sym-m04
268,e4-c2-hyb-m04,6,c2,C,Provable Violation,1,hybrid,measured,4,VIOLATION,33462,False,0,33462,33.462,1311,POLICY VIOLATION,POLICY VIOLATION,True,NONE,0,0,0,0,0,success,23668b6ce0e8c902fce01b534c941b4bff5614b733f56b5616f36aa80224cd42,a2bea244afc287c6e2da021d7845f058806a3ee24f91436c2081c3d34b4e6ef1,270403272d736ae7aee2ceda3bf8d088b6ac0cb476bb99ce0218dd8f33c3c603,research/experiments/results/e4/raw/runs/run-268-e4-c2-hyb-m04
269,e4-c3-hyb-m04,6,c3,C,Provable Violation,1,hybrid,measured,4,VIOLATION,45415,False,0,45415,45.415,2085,POLICY VIOLATION,POLICY VIOLATION,True,NONE,0,0,0,0,0,success,406bf3f97c8cd682a652fc92940888a871b47e126d167b848c47cfc8391cafad,085df780e31d965efd5261c68b524bbe0c1951a2b85429931ad374eb8d3232d5,270403272d736ae7aee2ceda3bf8d088b6ac0cb476bb99ce0218dd8f33c3c603,research/experiments/results/e4/raw/runs/run-269-e4-c3-hyb-m04
270,e4-c3-sym-m04,6,c3,C,Provable Violation,1,symbolic_only,measured,4,NONE,0,False,675689,675689,675.689,445,POLICY VIOLATION,POLICY VIOLATION,True,bf0ea58a-d0e3-45ba-a177-198165071337,1,0,12703,0,0,success,406bf3f97c8cd682a652fc92940888a871b47e126d167b848c47cfc8391cafad,085df780e31d965efd5261c68b524bbe0c1951a2b85429931ad374eb8d3232d5,270403272d736ae7aee2ceda3bf8d088b6ac0cb476bb99ce0218dd8f33c3c603,research/experiments/results/e4/raw/runs/run-270-e4-c3-sym-m04
271,e4-c4-hyb-m04,6,c4,C,Provable Violation,1,hybrid,measured,4,VIOLATION,39409,False,0,39409,39.409,1719,POLICY VIOLATION,POLICY VIOLATION,True,NONE,0,0,0,0,0,success,be4d57db9f42690836ee331784fe922a9fa593e4cec4046e862bed7ef28755ca,0a996dcf4f20aa4ee7218f0ed8a7b9d7504f422b57ffd09278a699ad748a414c,270403272d736ae7aee2ceda3bf8d088b6ac0cb476bb99ce0218dd8f33c3c603,research/experiments/results/e4/raw/runs/run-271-e4-c4-hyb-m04
272,e4-c4-sym-m04,6,c4,C,Provable Violation,1,symbolic_only,measured,4,NONE,0,False,693171,693171,693.171,549,POLICY VIOLATION,POLICY VIOLATION,True,91e8459c-b442-4256-9f09-a7c485b82a2a,1,0,12718,1,0,success,be4d57db9f42690836ee331784fe922a9fa593e4cec4046e862bed7ef28755ca,0a996dcf4f20aa4ee7218f0ed8a7b9d7504f422b57ffd09278a699ad748a414c,270403272d736ae7aee2ceda3bf8d088b6ac0cb476bb99ce0218dd8f33c3c603,research/experiments/results/e4/raw/runs/run-272-e4-c4-sym-m04
273,e4-c5-hyb-m04,6,c5,C,Provable Violation,1,hybrid,measured,4,VIOLATION,40779,False,0,40779,40.779,1896,POLICY VIOLATION,POLICY VIOLATION,True,NONE,0,0,0,0,0,success,c5f374e0b62b032fe5eb90261d9e91a4567ad000bb5fa87d82ae880c17d2dea5,eab4a175f3742333528356ac6542b45a4eb8f5124ec45bd40194073f2e4a32b6,270403272d736ae7aee2ceda3bf8d088b6ac0cb476bb99ce0218dd8f33c3c603,research/experiments/results/e4/raw/runs/run-273-e4-c5-hyb-m04
274,e4-c5-sym-m04,6,c5,C,Provable Violation,1,symbolic_only,measured,4,NONE,0,False,695091,695091,695.091,830,POLICY VIOLATION,POLICY VIOLATION,True,0797b238-a9e5-4d68-8eb0-160ffcef57fe,1,0,12732,1,0,success,c5f374e0b62b032fe5eb90261d9e91a4567ad000bb5fa87d82ae880c17d2dea5,eab4a175f3742333528356ac6542b45a4eb8f5124ec45bd40194073f2e4a32b6,270403272d736ae7aee2ceda3bf8d088b6ac0cb476bb99ce0218dd8f33c3c603,research/experiments/results/e4/raw/runs/run-274-e4-c5-sym-m04
275,e4-c6-sym-m04,6,c6,C,Provable Violation,1,symbolic_only,measured,4,NONE,0,False,693664,693664,693.664,554,POLICY VIOLATION,POLICY VIOLATION,True,4eacd94d-ca34-4ab3-970b-2388c7044359,1,0,12746,1,0,success,f74120677cb8d92d4725a9c5cb2679ae43fd49dabedc2ee99b71b23318f5d7f4,51ead398a1a6e6281bcbeb4057df283dd6282b95299b660c4728dba300b7821a,270403272d736ae7aee2ceda3bf8d088b6ac0cb476bb99ce0218dd8f33c3c603,research/experiments/results/e4/raw/runs/run-275-e4-c6-sym-m04
276,e4-c6-hyb-m04,6,c6,C,Provable Violation,1,hybrid,measured,4,VIOLATION,36447,False,0,36447,36.447,1693,POLICY VIOLATION,POLICY VIOLATION,True,NONE,0,0,0,0,0,success,f74120677cb8d92d4725a9c5cb2679ae43fd49dabedc2ee99b71b23318f5d7f4,51ead398a1a6e6281bcbeb4057df283dd6282b95299b660c4728dba300b7821a,270403272d736ae7aee2ceda3bf8d088b6ac0cb476bb99ce0218dd8f33c3c603,research/experiments/results/e4/raw/runs/run-276-e4-c6-hyb-m04
277,e4-d1-sym-m04,6,d1,D,Symbolic Violation,2,symbolic_only,measured,4,NONE,0,False,711250,711250,711.25,563,POLICY VIOLATION,POLICY VIOLATION,True,cec7d14a-3895-4748-b7ba-d01fe40f70af,2,0,12804,2,0,success,e8f4abe4784a922f49d7755eb61c77828bb049d624b8983921f218e191b07d58,de480574ea955b9d273ecfbd0e39d5c5a7c6421d1070d1a4bcd6a50a861f244c,270403272d736ae7aee2ceda3bf8d088b6ac0cb476bb99ce0218dd8f33c3c603,research/experiments/results/e4/raw/runs/run-277-e4-d1-sym-m04
278,e4-d1-hyb-m04,6,d1,D,Symbolic Violation,2,hybrid,measured,4,UNKNOWN,33195,True,697662,730857,730.857,1991,POLICY VIOLATION,POLICY VIOLATION,True,77713bc3-0e76-4437-bd48-7da65c8c5b1b,2,0,12804,2,0,success,e8f4abe4784a922f49d7755eb61c77828bb049d624b8983921f218e191b07d58,de480574ea955b9d273ecfbd0e39d5c5a7c6421d1070d1a4bcd6a50a861f244c,270403272d736ae7aee2ceda3bf8d088b6ac0cb476bb99ce0218dd8f33c3c603,research/experiments/results/e4/raw/runs/run-278-e4-d1-hyb-m04
279,e4-d2-hyb-m04,6,d2,D,Symbolic Violation,2,hybrid,measured,4,UNKNOWN,45209,True,703250,748459,748.459,2310,POLICY VIOLATION,POLICY VIOLATION,True,59fc9ade-de44-4c82-836f-40616d9deb09,2,0,12804,2,0,success,93811a8083f08a96a92238396d04235345330f1735a7f81b706c5e9222df071e,d43770c56ce04f6743b96b9a2d5ae747f1d187f3db42daf852755d8cc4d6c4bd,270403272d736ae7aee2ceda3bf8d088b6ac0cb476bb99ce0218dd8f33c3c603,research/experiments/results/e4/raw/runs/run-279-e4-d2-hyb-m04
280,e4-d2-sym-m04,6,d2,D,Symbolic Violation,2,symbolic_only,measured,4,NONE,0,False,696149,696149,696.149,494,POLICY VIOLATION,POLICY VIOLATION,True,7758f888-4e61-4b6e-80be-2e535e8e104b,2,0,12804,2,0,success,93811a8083f08a96a92238396d04235345330f1735a7f81b706c5e9222df071e,d43770c56ce04f6743b96b9a2d5ae747f1d187f3db42daf852755d8cc4d6c4bd,270403272d736ae7aee2ceda3bf8d088b6ac0cb476bb99ce0218dd8f33c3c603,research/experiments/results/e4/raw/runs/run-280-e4-d2-sym-m04
281,e4-d3-hyb-m04,6,d3,D,Symbolic Violation,4,hybrid,measured,4,UNKNOWN,41113,True,692910,734023,734.023,2211,POLICY VIOLATION,POLICY VIOLATION,True,ea611e31-c393-411a-b8cb-cacce837bdea,2,0,12804,2,0,success,062f281449b23d9f9340d127a55af0b8696a13311497cd128ec6ad3d2925cc6f,b4d0639980dffdbd3cd5d0dedcef3db54822237a9543208513455db9c95031c5,270403272d736ae7aee2ceda3bf8d088b6ac0cb476bb99ce0218dd8f33c3c603,research/experiments/results/e4/raw/runs/run-281-e4-d3-hyb-m04
282,e4-d3-sym-m04,6,d3,D,Symbolic Violation,4,symbolic_only,measured,4,NONE,0,False,697350,697350,697.35,471,POLICY VIOLATION,POLICY VIOLATION,True,e10b77a3-448c-485b-974d-28691151fbdc,2,0,12804,2,0,success,062f281449b23d9f9340d127a55af0b8696a13311497cd128ec6ad3d2925cc6f,b4d0639980dffdbd3cd5d0dedcef3db54822237a9543208513455db9c95031c5,270403272d736ae7aee2ceda3bf8d088b6ac0cb476bb99ce0218dd8f33c3c603,research/experiments/results/e4/raw/runs/run-282-e4-d3-sym-m04
283,e4-d4-sym-m04,6,d4,D,Symbolic Violation,8,symbolic_only,measured,4,NONE,0,False,708363,708363,708.363,679,POLICY VIOLATION,POLICY VIOLATION,True,fcf485f6-cb14-4b50-8e97-6c39df89833d,2,0,12804,2,0,success,612b01a0a59da13c4560018f22a4c83082a627ddc4fa1757c0a1b8dd10b5af5d,57184dd8a4623696440b54f78f23b8f1628c16c06edcfaf589874680f5865f3d,270403272d736ae7aee2ceda3bf8d088b6ac0cb476bb99ce0218dd8f33c3c603,research/experiments/results/e4/raw/runs/run-283-e4-d4-sym-m04
284,e4-d4-hyb-m04,6,d4,D,Symbolic Violation,8,hybrid,measured,4,UNKNOWN,32452,True,799307,831759,831.759,2568,POLICY VIOLATION,POLICY VIOLATION,True,71442a88-392a-46fe-80da-373b2b039235,2,0,12804,2,0,success,612b01a0a59da13c4560018f22a4c83082a627ddc4fa1757c0a1b8dd10b5af5d,57184dd8a4623696440b54f78f23b8f1628c16c06edcfaf589874680f5865f3d,270403272d736ae7aee2ceda3bf8d088b6ac0cb476bb99ce0218dd8f33c3c603,research/experiments/results/e4/raw/runs/run-284-e4-d4-hyb-m04
285,e4-d5-hyb-m04,6,d5,D,Symbolic Violation,16,hybrid,measured,4,UNKNOWN,47884,True,706251,754135,754.135,2937,POLICY VIOLATION,POLICY VIOLATION,True,17e8298d-8404-4ca1-bb7a-c78bcb48805c,2,0,12804,2,0,success,1c6f773d5e6af632d9090b4954df80671727997c09d6476efe6439beb1b23465,cb87ad04d7742795888acde9f608ca31c4279f281d11050319d17e0f6d0a2dc3,270403272d736ae7aee2ceda3bf8d088b6ac0cb476bb99ce0218dd8f33c3c603,research/experiments/results/e4/raw/runs/run-285-e4-d5-hyb-m04
286,e4-d5-sym-m04,6,d5,D,Symbolic Violation,16,symbolic_only,measured,4,NONE,0,False,759407,759407,759.407,467,POLICY VIOLATION,POLICY VIOLATION,True,01d92abc-3363-4c06-bc85-9a49d9775ac1,2,0,12804,2,0,success,1c6f773d5e6af632d9090b4954df80671727997c09d6476efe6439beb1b23465,cb87ad04d7742795888acde9f608ca31c4279f281d11050319d17e0f6d0a2dc3,270403272d736ae7aee2ceda3bf8d088b6ac0cb476bb99ce0218dd8f33c3c603,research/experiments/results/e4/raw/runs/run-286-e4-d5-sym-m04
287,e4-d6-sym-m04,6,d6,D,Symbolic Violation,32,symbolic_only,measured,4,NONE,0,False,702695,702695,702.695,491,POLICY VIOLATION,POLICY VIOLATION,True,0be8628c-02cb-4fe4-9c7f-caec900d3bfe,2,0,12804,2,0,success,58f9150e1f16a441da9249b28b870ce4b1dc9566fe4ca31ecdc3a3e733df4893,fb59f1e91dfa860ff91e6f8cd847d708923f3854809c9dd3b16c7e0457a394a0,270403272d736ae7aee2ceda3bf8d088b6ac0cb476bb99ce0218dd8f33c3c603,research/experiments/results/e4/raw/runs/run-287-e4-d6-sym-m04
288,e4-d6-hyb-m04,6,d6,D,Symbolic Violation,32,hybrid,measured,4,UNKNOWN,37633,True,713093,750726,750.726,2309,POLICY VIOLATION,POLICY VIOLATION,True,8daebb55-9c45-4b90-a759-f27d1e41cc1e,2,0,12804,2,0,success,58f9150e1f16a441da9249b28b870ce4b1dc9566fe4ca31ecdc3a3e733df4893,fb59f1e91dfa860ff91e6f8cd847d708923f3854809c9dd3b16c7e0457a394a0,270403272d736ae7aee2ceda3bf8d088b6ac0cb476bb99ce0218dd8f33c3c603,research/experiments/results/e4/raw/runs/run-288-e4-d6-hyb-m04
289,e4-a1-hyb-m05,7,a1,A,Provable Compliant,1,hybrid,measured,5,SAFE,39788,False,0,39788,39.788,1298,COMPLIANT,COMPLIANT,True,NONE,0,0,0,0,0,success,cd2e9241582690fe6560e3ec50707646d771ea3b71ac87d362cc2a7cf71eeffa,afdf76a0a4465ad311a341f5b9312804dbc313d23b656b65297bcb80c489b1a7,270403272d736ae7aee2ceda3bf8d088b6ac0cb476bb99ce0218dd8f33c3c603,research/experiments/results/e4/raw/runs/run-289-e4-a1-hyb-m05
290,e4-a1-sym-m05,7,a1,A,Provable Compliant,1,symbolic_only,measured,5,NONE,0,False,675681,675681,675.681,477,COMPLIANT,COMPLIANT,True,37331b2f-c1cc-4683-842d-6e925580d67b,1,0,12695,0,0,success,cd2e9241582690fe6560e3ec50707646d771ea3b71ac87d362cc2a7cf71eeffa,afdf76a0a4465ad311a341f5b9312804dbc313d23b656b65297bcb80c489b1a7,270403272d736ae7aee2ceda3bf8d088b6ac0cb476bb99ce0218dd8f33c3c603,research/experiments/results/e4/raw/runs/run-290-e4-a1-sym-m05
291,e4-a2-hyb-m05,7,a2,A,Provable Compliant,1,hybrid,measured,5,SAFE,40461,False,0,40461,40.461,1510,COMPLIANT,COMPLIANT,True,NONE,0,0,0,0,0,success,91b6ceff73cd825370ecc13aa0e0776fa6d9c48b9555cc8afb5e66bda072b017,9dc5de0fd13a0d6a8104849d86653ed5790f140dda8cd1b7c0407c623963c8c7,270403272d736ae7aee2ceda3bf8d088b6ac0cb476bb99ce0218dd8f33c3c603,research/experiments/results/e4/raw/runs/run-291-e4-a2-hyb-m05
292,e4-a2-sym-m05,7,a2,A,Provable Compliant,1,symbolic_only,measured,5,NONE,0,False,679143,679143,679.143,520,COMPLIANT,COMPLIANT,True,4974e66a-c4c5-4f9a-a677-b6097fc1a32a,1,0,12695,0,0,success,91b6ceff73cd825370ecc13aa0e0776fa6d9c48b9555cc8afb5e66bda072b017,9dc5de0fd13a0d6a8104849d86653ed5790f140dda8cd1b7c0407c623963c8c7,270403272d736ae7aee2ceda3bf8d088b6ac0cb476bb99ce0218dd8f33c3c603,research/experiments/results/e4/raw/runs/run-292-e4-a2-sym-m05
293,e4-a3-sym-m05,7,a3,A,Provable Compliant,1,symbolic_only,measured,5,NONE,0,False,692343,692343,692.343,522,COMPLIANT,COMPLIANT,True,892a2f71-6eaa-4b17-b38a-79acf470e7dd,1,0,12710,1,0,success,59bd40b3104cdae5842104c56da6e19128a4e6bc5f9ec5a6495603f984631dcc,df252c1e63a2bbbbb661bbea3de41e44367397f62a660378584b07f22eb42f27,270403272d736ae7aee2ceda3bf8d088b6ac0cb476bb99ce0218dd8f33c3c603,research/experiments/results/e4/raw/runs/run-293-e4-a3-sym-m05
294,e4-a3-hyb-m05,7,a3,A,Provable Compliant,1,hybrid,measured,5,SAFE,34102,False,0,34102,34.102,1448,COMPLIANT,COMPLIANT,True,NONE,0,0,0,0,0,success,59bd40b3104cdae5842104c56da6e19128a4e6bc5f9ec5a6495603f984631dcc,df252c1e63a2bbbbb661bbea3de41e44367397f62a660378584b07f22eb42f27,270403272d736ae7aee2ceda3bf8d088b6ac0cb476bb99ce0218dd8f33c3c603,research/experiments/results/e4/raw/runs/run-294-e4-a3-hyb-m05
295,e4-a4-sym-m05,7,a4,A,Provable Compliant,1,symbolic_only,measured,5,NONE,0,False,692089,692089,692.089,580,COMPLIANT,COMPLIANT,True,a55b828a-c74d-4bbf-8be9-1c06c21d315e,1,0,12724,1,0,success,7c9996681b7574a9340739201821f8ae20da70d312d9ced0ce7530f9e4942673,c96c78c0957df2931e2424f8f6380d8df1a0826778f7b14a174f08c329160082,270403272d736ae7aee2ceda3bf8d088b6ac0cb476bb99ce0218dd8f33c3c603,research/experiments/results/e4/raw/runs/run-295-e4-a4-sym-m05
296,e4-a4-hyb-m05,7,a4,A,Provable Compliant,1,hybrid,measured,5,SAFE,35618,False,0,35618,35.618,1419,COMPLIANT,COMPLIANT,True,NONE,0,0,0,0,0,success,7c9996681b7574a9340739201821f8ae20da70d312d9ced0ce7530f9e4942673,c96c78c0957df2931e2424f8f6380d8df1a0826778f7b14a174f08c329160082,270403272d736ae7aee2ceda3bf8d088b6ac0cb476bb99ce0218dd8f33c3c603,research/experiments/results/e4/raw/runs/run-296-e4-a4-hyb-m05
297,e4-a5-hyb-m05,7,a5,A,Provable Compliant,1,hybrid,measured,5,SAFE,40048,False,0,40048,40.048,1754,COMPLIANT,COMPLIANT,True,NONE,0,0,0,0,0,success,9b2ca4e8bfdd49875e47ed04c4c6e8f3f11d9bd4abe066f44dde72392c3cae3b,833923e85039a9e4e70c159d28396673db94a91b5a2abf062ad6c6432d2413aa,270403272d736ae7aee2ceda3bf8d088b6ac0cb476bb99ce0218dd8f33c3c603,research/experiments/results/e4/raw/runs/run-297-e4-a5-hyb-m05
298,e4-a5-sym-m05,7,a5,A,Provable Compliant,1,symbolic_only,measured,5,NONE,0,False,685427,685427,685.427,474,COMPLIANT,COMPLIANT,True,48e70589-7669-40a8-8fad-7d7501e1351d,1,0,12752,1,0,success,9b2ca4e8bfdd49875e47ed04c4c6e8f3f11d9bd4abe066f44dde72392c3cae3b,833923e85039a9e4e70c159d28396673db94a91b5a2abf062ad6c6432d2413aa,270403272d736ae7aee2ceda3bf8d088b6ac0cb476bb99ce0218dd8f33c3c603,research/experiments/results/e4/raw/runs/run-298-e4-a5-sym-m05
299,e4-a6-hyb-m05,7,a6,A,Provable Compliant,1,hybrid,measured,5,SAFE,46885,False,0,46885,46.885,2787,COMPLIANT,COMPLIANT,True,NONE,0,0,0,0,0,success,cb8bd929a99fe568b192efbbd6742c0adb474bbea12f5ffceff999c94b1bf4b4,60b146058a4a1389ca16d81def94d88f7fbeef981fae7f86077258d8d50fa64f,270403272d736ae7aee2ceda3bf8d088b6ac0cb476bb99ce0218dd8f33c3c603,research/experiments/results/e4/raw/runs/run-299-e4-a6-hyb-m05
300,e4-a6-sym-m05,7,a6,A,Provable Compliant,1,symbolic_only,measured,5,NONE,0,False,675614,675614,675.614,549,COMPLIANT,COMPLIANT,True,94be185a-dd45-422f-8ea6-32c0ad559247,1,0,12780,1,0,success,cb8bd929a99fe568b192efbbd6742c0adb474bbea12f5ffceff999c94b1bf4b4,60b146058a4a1389ca16d81def94d88f7fbeef981fae7f86077258d8d50fa64f,270403272d736ae7aee2ceda3bf8d088b6ac0cb476bb99ce0218dd8f33c3c603,research/experiments/results/e4/raw/runs/run-300-e4-a6-sym-m05
301,e4-b1-sym-m05,7,b1,B,Uncertain Compliant,2,symbolic_only,measured,5,NONE,0,False,698519,698519,698.519,435,COMPLIANT,COMPLIANT,True,37c93a2f-7f70-400e-a675-588d82916364,2,0,12811,2,0,success,e8022df63f9d8fd39d7f5f1c463e027e3db50edd6edf7405d4aac173659f06cd,fb95faa51b5eef338fdad8ee9b3ffa6cd965433ed4a1c991e83c85674b7c1350,270403272d736ae7aee2ceda3bf8d088b6ac0cb476bb99ce0218dd8f33c3c603,research/experiments/results/e4/raw/runs/run-301-e4-b1-sym-m05
302,e4-b1-hyb-m05,7,b1,B,Uncertain Compliant,2,hybrid,measured,5,UNKNOWN,33685,True,694524,728209,728.209,1902,COMPLIANT,COMPLIANT,True,6077c47f-da50-4f76-886f-caa7485d6023,2,0,12811,2,0,success,e8022df63f9d8fd39d7f5f1c463e027e3db50edd6edf7405d4aac173659f06cd,fb95faa51b5eef338fdad8ee9b3ffa6cd965433ed4a1c991e83c85674b7c1350,270403272d736ae7aee2ceda3bf8d088b6ac0cb476bb99ce0218dd8f33c3c603,research/experiments/results/e4/raw/runs/run-302-e4-b1-hyb-m05
303,e4-b2-sym-m05,7,b2,B,Uncertain Compliant,2,symbolic_only,measured,5,NONE,0,False,694049,694049,694.049,511,COMPLIANT,COMPLIANT,True,1e2910e5-5c6f-42ef-b34e-06c419d6ffd5,2,0,12811,2,0,success,82b933ac24404967490bfd720cee41dcce96e653be5b49263613ef7edc481672,f0f1d2e7aceef4c4ce77a19423fbb798d169877bfb0d55e5ba1e34f7786ab7bd,270403272d736ae7aee2ceda3bf8d088b6ac0cb476bb99ce0218dd8f33c3c603,research/experiments/results/e4/raw/runs/run-303-e4-b2-sym-m05
304,e4-b2-hyb-m05,7,b2,B,Uncertain Compliant,2,hybrid,measured,5,UNKNOWN,36519,True,687343,723862,723.862,2591,COMPLIANT,COMPLIANT,True,7ff4a593-b148-4e43-9219-1e95e007a108,2,0,12811,2,0,success,82b933ac24404967490bfd720cee41dcce96e653be5b49263613ef7edc481672,f0f1d2e7aceef4c4ce77a19423fbb798d169877bfb0d55e5ba1e34f7786ab7bd,270403272d736ae7aee2ceda3bf8d088b6ac0cb476bb99ce0218dd8f33c3c603,research/experiments/results/e4/raw/runs/run-304-e4-b2-hyb-m05
305,e4-b3-hyb-m05,7,b3,B,Uncertain Compliant,4,hybrid,measured,5,UNKNOWN,42498,True,716355,758853,758.853,2600,COMPLIANT,COMPLIANT,True,21a3671a-e166-4719-8edd-79dbb42620c0,4,0,13009,4,0,success,4d74e31d48ac69142db1a745c2dc8ee2730b2eae91cd02b503f1ee13dd914695,5819ee511bcdce3287ab7a7ed5f7422e2735ed21308d265e7591d048bddac580,270403272d736ae7aee2ceda3bf8d088b6ac0cb476bb99ce0218dd8f33c3c603,research/experiments/results/e4/raw/runs/run-305-e4-b3-hyb-m05
306,e4-b3-sym-m05,7,b3,B,Uncertain Compliant,4,symbolic_only,measured,5,NONE,0,False,710806,710806,710.806,569,COMPLIANT,COMPLIANT,True,1923abeb-c1ac-434f-a7b6-c8f8a419f9d7,4,0,13009,4,0,success,4d74e31d48ac69142db1a745c2dc8ee2730b2eae91cd02b503f1ee13dd914695,5819ee511bcdce3287ab7a7ed5f7422e2735ed21308d265e7591d048bddac580,270403272d736ae7aee2ceda3bf8d088b6ac0cb476bb99ce0218dd8f33c3c603,research/experiments/results/e4/raw/runs/run-306-e4-b3-sym-m05
307,e4-b4-sym-m05,7,b4,B,Uncertain Compliant,8,symbolic_only,measured,5,NONE,0,False,742052,742052,742.052,580,COMPLIANT,COMPLIANT,True,45084a9b-efbe-4e49-832a-465c0292e031,8,0,13389,8,0,success,9879e967a9b4a8cbda673c429880a731032e8133ab5fca4ab309fbf08850f8f7,5a536ce8292d996b0c076ffadfeff24d9ce6e37ad567e31296a55e3c8c7cc365,270403272d736ae7aee2ceda3bf8d088b6ac0cb476bb99ce0218dd8f33c3c603,research/experiments/results/e4/raw/runs/run-307-e4-b4-sym-m05
308,e4-b4-hyb-m05,7,b4,B,Uncertain Compliant,8,hybrid,measured,5,UNKNOWN,34686,True,747044,781730,781.73,2484,COMPLIANT,COMPLIANT,True,b672af99-ba8d-4b0f-8222-a0ce5a83b229,8,0,13389,8,0,success,9879e967a9b4a8cbda673c429880a731032e8133ab5fca4ab309fbf08850f8f7,5a536ce8292d996b0c076ffadfeff24d9ce6e37ad567e31296a55e3c8c7cc365,270403272d736ae7aee2ceda3bf8d088b6ac0cb476bb99ce0218dd8f33c3c603,research/experiments/results/e4/raw/runs/run-308-e4-b4-hyb-m05
309,e4-b5-hyb-m05,7,b5,B,Uncertain Compliant,16,hybrid,measured,5,UNKNOWN,50210,True,799513,849723,849.723,3105,COMPLIANT,COMPLIANT,True,14343705-7810-4900-b63b-3b5b91b10648,16,0,14149,16,0,success,7a1ed578acd248ff33f53abc660b2760dc159f76ceb8cefce67ea29f1dbf0b76,eac933d8779c23116afa822902e219156037f28f0ccdd6daaba70e6fff0c82f2,270403272d736ae7aee2ceda3bf8d088b6ac0cb476bb99ce0218dd8f33c3c603,research/experiments/results/e4/raw/runs/run-309-e4-b5-hyb-m05
310,e4-b5-sym-m05,7,b5,B,Uncertain Compliant,16,symbolic_only,measured,5,NONE,0,False,833813,833813,833.813,487,COMPLIANT,COMPLIANT,True,0782cc07-24d7-40cc-946e-2b0fd71c7795,16,0,14149,16,0,success,7a1ed578acd248ff33f53abc660b2760dc159f76ceb8cefce67ea29f1dbf0b76,eac933d8779c23116afa822902e219156037f28f0ccdd6daaba70e6fff0c82f2,270403272d736ae7aee2ceda3bf8d088b6ac0cb476bb99ce0218dd8f33c3c603,research/experiments/results/e4/raw/runs/run-310-e4-b5-sym-m05
311,e4-b6-hyb-m05,7,b6,B,Uncertain Compliant,32,hybrid,measured,5,UNKNOWN,48284,True,888108,936392,936.392,2759,COMPLIANT,COMPLIANT,True,a771aab3-1572-4590-9bf6-845d50d24653,32,0,15669,32,0,success,f0689a73c23d5c0f941560ec320ef94fb3e3606c45535dfbba2cd6d7d3a7c6ea,4844435af8708232beb8297750e352df11ba463fb893228bbd1ce8951fe6a3fa,270403272d736ae7aee2ceda3bf8d088b6ac0cb476bb99ce0218dd8f33c3c603,research/experiments/results/e4/raw/runs/run-311-e4-b6-hyb-m05
312,e4-b6-sym-m05,7,b6,B,Uncertain Compliant,32,symbolic_only,measured,5,NONE,0,False,889882,889882,889.882,630,COMPLIANT,COMPLIANT,True,84e48bec-3f80-4c93-9abd-bf583abe411c,32,0,15669,32,0,success,f0689a73c23d5c0f941560ec320ef94fb3e3606c45535dfbba2cd6d7d3a7c6ea,4844435af8708232beb8297750e352df11ba463fb893228bbd1ce8951fe6a3fa,270403272d736ae7aee2ceda3bf8d088b6ac0cb476bb99ce0218dd8f33c3c603,research/experiments/results/e4/raw/runs/run-312-e4-b6-sym-m05
313,e4-c1-hyb-m05,7,c1,C,Provable Violation,1,hybrid,measured,5,VIOLATION,45295,False,0,45295,45.295,2313,POLICY VIOLATION,POLICY VIOLATION,True,NONE,0,0,0,0,0,success,1c031ad911d3996684367291bb0a7bfbb66916aa7de7c87600e5aab80eb2053d,d6a1ceab0a167d80255aa7ba022314c70b73173bd0022218fdb726cf1fb9e5e2,270403272d736ae7aee2ceda3bf8d088b6ac0cb476bb99ce0218dd8f33c3c603,research/experiments/results/e4/raw/runs/run-313-e4-c1-hyb-m05
314,e4-c1-sym-m05,7,c1,C,Provable Violation,1,symbolic_only,measured,5,NONE,0,False,685271,685271,685.271,468,POLICY VIOLATION,POLICY VIOLATION,True,28857ad8-7e69-403d-9001-3986aa8a67c9,1,0,12703,0,0,success,1c031ad911d3996684367291bb0a7bfbb66916aa7de7c87600e5aab80eb2053d,d6a1ceab0a167d80255aa7ba022314c70b73173bd0022218fdb726cf1fb9e5e2,270403272d736ae7aee2ceda3bf8d088b6ac0cb476bb99ce0218dd8f33c3c603,research/experiments/results/e4/raw/runs/run-314-e4-c1-sym-m05
315,e4-c2-sym-m05,7,c2,C,Provable Violation,1,symbolic_only,measured,5,NONE,0,False,683207,683207,683.207,463,POLICY VIOLATION,POLICY VIOLATION,True,3ba2bcbb-9180-4ffd-aaab-35d6fbaeea4b,1,0,12703,0,0,success,23668b6ce0e8c902fce01b534c941b4bff5614b733f56b5616f36aa80224cd42,a2bea244afc287c6e2da021d7845f058806a3ee24f91436c2081c3d34b4e6ef1,270403272d736ae7aee2ceda3bf8d088b6ac0cb476bb99ce0218dd8f33c3c603,research/experiments/results/e4/raw/runs/run-315-e4-c2-sym-m05
316,e4-c2-hyb-m05,7,c2,C,Provable Violation,1,hybrid,measured,5,VIOLATION,33757,False,0,33757,33.757,1623,POLICY VIOLATION,POLICY VIOLATION,True,NONE,0,0,0,0,0,success,23668b6ce0e8c902fce01b534c941b4bff5614b733f56b5616f36aa80224cd42,a2bea244afc287c6e2da021d7845f058806a3ee24f91436c2081c3d34b4e6ef1,270403272d736ae7aee2ceda3bf8d088b6ac0cb476bb99ce0218dd8f33c3c603,research/experiments/results/e4/raw/runs/run-316-e4-c2-hyb-m05
317,e4-c3-hyb-m05,7,c3,C,Provable Violation,1,hybrid,measured,5,VIOLATION,39317,False,0,39317,39.317,1484,POLICY VIOLATION,POLICY VIOLATION,True,NONE,0,0,0,0,0,success,406bf3f97c8cd682a652fc92940888a871b47e126d167b848c47cfc8391cafad,085df780e31d965efd5261c68b524bbe0c1951a2b85429931ad374eb8d3232d5,270403272d736ae7aee2ceda3bf8d088b6ac0cb476bb99ce0218dd8f33c3c603,research/experiments/results/e4/raw/runs/run-317-e4-c3-hyb-m05
318,e4-c3-sym-m05,7,c3,C,Provable Violation,1,symbolic_only,measured,5,NONE,0,False,687152,687152,687.152,478,POLICY VIOLATION,POLICY VIOLATION,True,768aa7a6-2fdc-4a55-861f-a467b4b5975c,1,0,12703,0,0,success,406bf3f97c8cd682a652fc92940888a871b47e126d167b848c47cfc8391cafad,085df780e31d965efd5261c68b524bbe0c1951a2b85429931ad374eb8d3232d5,270403272d736ae7aee2ceda3bf8d088b6ac0cb476bb99ce0218dd8f33c3c603,research/experiments/results/e4/raw/runs/run-318-e4-c3-sym-m05
319,e4-c4-hyb-m05,7,c4,C,Provable Violation,1,hybrid,measured,5,VIOLATION,47339,False,0,47339,47.339,1633,POLICY VIOLATION,POLICY VIOLATION,True,NONE,0,0,0,0,0,success,be4d57db9f42690836ee331784fe922a9fa593e4cec4046e862bed7ef28755ca,0a996dcf4f20aa4ee7218f0ed8a7b9d7504f422b57ffd09278a699ad748a414c,270403272d736ae7aee2ceda3bf8d088b6ac0cb476bb99ce0218dd8f33c3c603,research/experiments/results/e4/raw/runs/run-319-e4-c4-hyb-m05
320,e4-c4-sym-m05,7,c4,C,Provable Violation,1,symbolic_only,measured,5,NONE,0,False,713191,713191,713.191,496,POLICY VIOLATION,POLICY VIOLATION,True,cca60c93-1a72-4954-baaa-3d11e5357824,1,0,12718,1,0,success,be4d57db9f42690836ee331784fe922a9fa593e4cec4046e862bed7ef28755ca,0a996dcf4f20aa4ee7218f0ed8a7b9d7504f422b57ffd09278a699ad748a414c,270403272d736ae7aee2ceda3bf8d088b6ac0cb476bb99ce0218dd8f33c3c603,research/experiments/results/e4/raw/runs/run-320-e4-c4-sym-m05
321,e4-c5-hyb-m05,7,c5,C,Provable Violation,1,hybrid,measured,5,VIOLATION,41360,False,0,41360,41.36,1576,POLICY VIOLATION,POLICY VIOLATION,True,NONE,0,0,0,0,0,success,c5f374e0b62b032fe5eb90261d9e91a4567ad000bb5fa87d82ae880c17d2dea5,eab4a175f3742333528356ac6542b45a4eb8f5124ec45bd40194073f2e4a32b6,270403272d736ae7aee2ceda3bf8d088b6ac0cb476bb99ce0218dd8f33c3c603,research/experiments/results/e4/raw/runs/run-321-e4-c5-hyb-m05
322,e4-c5-sym-m05,7,c5,C,Provable Violation,1,symbolic_only,measured,5,NONE,0,False,694054,694054,694.054,488,POLICY VIOLATION,POLICY VIOLATION,True,f83b5a8a-8d35-4592-8577-c32910775102,1,0,12732,1,0,success,c5f374e0b62b032fe5eb90261d9e91a4567ad000bb5fa87d82ae880c17d2dea5,eab4a175f3742333528356ac6542b45a4eb8f5124ec45bd40194073f2e4a32b6,270403272d736ae7aee2ceda3bf8d088b6ac0cb476bb99ce0218dd8f33c3c603,research/experiments/results/e4/raw/runs/run-322-e4-c5-sym-m05
323,e4-c6-sym-m05,7,c6,C,Provable Violation,1,symbolic_only,measured,5,NONE,0,False,704889,704889,704.889,559,POLICY VIOLATION,POLICY VIOLATION,True,bfb21568-7461-4f23-9448-13bb1dda25bd,1,0,12746,1,0,success,f74120677cb8d92d4725a9c5cb2679ae43fd49dabedc2ee99b71b23318f5d7f4,51ead398a1a6e6281bcbeb4057df283dd6282b95299b660c4728dba300b7821a,270403272d736ae7aee2ceda3bf8d088b6ac0cb476bb99ce0218dd8f33c3c603,research/experiments/results/e4/raw/runs/run-323-e4-c6-sym-m05
324,e4-c6-hyb-m05,7,c6,C,Provable Violation,1,hybrid,measured,5,VIOLATION,34116,False,0,34116,34.116,1521,POLICY VIOLATION,POLICY VIOLATION,True,NONE,0,0,0,0,0,success,f74120677cb8d92d4725a9c5cb2679ae43fd49dabedc2ee99b71b23318f5d7f4,51ead398a1a6e6281bcbeb4057df283dd6282b95299b660c4728dba300b7821a,270403272d736ae7aee2ceda3bf8d088b6ac0cb476bb99ce0218dd8f33c3c603,research/experiments/results/e4/raw/runs/run-324-e4-c6-hyb-m05
325,e4-d1-hyb-m05,7,d1,D,Symbolic Violation,2,hybrid,measured,5,UNKNOWN,41859,True,701577,743436,743.436,1966,POLICY VIOLATION,POLICY VIOLATION,True,780245d1-e10e-40cd-9f8f-acb2493f8fce,2,0,12804,2,0,success,e8f4abe4784a922f49d7755eb61c77828bb049d624b8983921f218e191b07d58,de480574ea955b9d273ecfbd0e39d5c5a7c6421d1070d1a4bcd6a50a861f244c,270403272d736ae7aee2ceda3bf8d088b6ac0cb476bb99ce0218dd8f33c3c603,research/experiments/results/e4/raw/runs/run-325-e4-d1-hyb-m05
326,e4-d1-sym-m05,7,d1,D,Symbolic Violation,2,symbolic_only,measured,5,NONE,0,False,702620,702620,702.62,511,POLICY VIOLATION,POLICY VIOLATION,True,88d82c14-f5a8-43dc-848b-f91afe23ad3e,2,0,12804,2,0,success,e8f4abe4784a922f49d7755eb61c77828bb049d624b8983921f218e191b07d58,de480574ea955b9d273ecfbd0e39d5c5a7c6421d1070d1a4bcd6a50a861f244c,270403272d736ae7aee2ceda3bf8d088b6ac0cb476bb99ce0218dd8f33c3c603,research/experiments/results/e4/raw/runs/run-326-e4-d1-sym-m05
327,e4-d2-sym-m05,7,d2,D,Symbolic Violation,2,symbolic_only,measured,5,NONE,0,False,707490,707490,707.49,573,POLICY VIOLATION,POLICY VIOLATION,True,54e9eec5-085f-4d83-b741-f7c20f3837a5,2,0,12804,2,0,success,93811a8083f08a96a92238396d04235345330f1735a7f81b706c5e9222df071e,d43770c56ce04f6743b96b9a2d5ae747f1d187f3db42daf852755d8cc4d6c4bd,270403272d736ae7aee2ceda3bf8d088b6ac0cb476bb99ce0218dd8f33c3c603,research/experiments/results/e4/raw/runs/run-327-e4-d2-sym-m05
328,e4-d2-hyb-m05,7,d2,D,Symbolic Violation,2,hybrid,measured,5,UNKNOWN,33780,True,707114,740894,740.894,2325,POLICY VIOLATION,POLICY VIOLATION,True,f3a8b37a-69da-448c-a6d1-c8e5bff27163,2,0,12804,2,0,success,93811a8083f08a96a92238396d04235345330f1735a7f81b706c5e9222df071e,d43770c56ce04f6743b96b9a2d5ae747f1d187f3db42daf852755d8cc4d6c4bd,270403272d736ae7aee2ceda3bf8d088b6ac0cb476bb99ce0218dd8f33c3c603,research/experiments/results/e4/raw/runs/run-328-e4-d2-hyb-m05
329,e4-d3-sym-m05,7,d3,D,Symbolic Violation,4,symbolic_only,measured,5,NONE,0,False,705958,705958,705.958,599,POLICY VIOLATION,POLICY VIOLATION,True,78e01135-98e2-4c40-be83-c95a59e3aeca,2,0,12804,2,0,success,062f281449b23d9f9340d127a55af0b8696a13311497cd128ec6ad3d2925cc6f,b4d0639980dffdbd3cd5d0dedcef3db54822237a9543208513455db9c95031c5,270403272d736ae7aee2ceda3bf8d088b6ac0cb476bb99ce0218dd8f33c3c603,research/experiments/results/e4/raw/runs/run-329-e4-d3-sym-m05
330,e4-d3-hyb-m05,7,d3,D,Symbolic Violation,4,hybrid,measured,5,UNKNOWN,35234,True,707466,742700,742.7,2269,POLICY VIOLATION,POLICY VIOLATION,True,fcef20a1-5875-488e-aa2a-0212061b8ac0,2,0,12804,2,0,success,062f281449b23d9f9340d127a55af0b8696a13311497cd128ec6ad3d2925cc6f,b4d0639980dffdbd3cd5d0dedcef3db54822237a9543208513455db9c95031c5,270403272d736ae7aee2ceda3bf8d088b6ac0cb476bb99ce0218dd8f33c3c603,research/experiments/results/e4/raw/runs/run-330-e4-d3-hyb-m05
331,e4-d4-hyb-m05,7,d4,D,Symbolic Violation,8,hybrid,measured,5,UNKNOWN,38681,True,692106,730787,730.787,2187,POLICY VIOLATION,POLICY VIOLATION,True,1c927757-b498-4f08-8e2c-c313152a6523,2,0,12804,2,0,success,612b01a0a59da13c4560018f22a4c83082a627ddc4fa1757c0a1b8dd10b5af5d,57184dd8a4623696440b54f78f23b8f1628c16c06edcfaf589874680f5865f3d,270403272d736ae7aee2ceda3bf8d088b6ac0cb476bb99ce0218dd8f33c3c603,research/experiments/results/e4/raw/runs/run-331-e4-d4-hyb-m05
332,e4-d4-sym-m05,7,d4,D,Symbolic Violation,8,symbolic_only,measured,5,NONE,0,False,693784,693784,693.784,420,POLICY VIOLATION,POLICY VIOLATION,True,51228897-052d-4387-ab77-9c2344c82c0b,2,0,12804,2,0,success,612b01a0a59da13c4560018f22a4c83082a627ddc4fa1757c0a1b8dd10b5af5d,57184dd8a4623696440b54f78f23b8f1628c16c06edcfaf589874680f5865f3d,270403272d736ae7aee2ceda3bf8d088b6ac0cb476bb99ce0218dd8f33c3c603,research/experiments/results/e4/raw/runs/run-332-e4-d4-sym-m05
333,e4-d5-hyb-m05,7,d5,D,Symbolic Violation,16,hybrid,measured,5,UNKNOWN,40864,True,683664,724528,724.528,2718,POLICY VIOLATION,POLICY VIOLATION,True,66f5a72c-8fbb-4e2c-adb2-2ce644aa003b,2,0,12804,2,0,success,1c6f773d5e6af632d9090b4954df80671727997c09d6476efe6439beb1b23465,cb87ad04d7742795888acde9f608ca31c4279f281d11050319d17e0f6d0a2dc3,270403272d736ae7aee2ceda3bf8d088b6ac0cb476bb99ce0218dd8f33c3c603,research/experiments/results/e4/raw/runs/run-333-e4-d5-hyb-m05
334,e4-d5-sym-m05,7,d5,D,Symbolic Violation,16,symbolic_only,measured,5,NONE,0,False,683414,683414,683.414,670,POLICY VIOLATION,POLICY VIOLATION,True,8331899b-636a-4bd6-bdbe-4741d6f637f2,2,0,12804,2,0,success,1c6f773d5e6af632d9090b4954df80671727997c09d6476efe6439beb1b23465,cb87ad04d7742795888acde9f608ca31c4279f281d11050319d17e0f6d0a2dc3,270403272d736ae7aee2ceda3bf8d088b6ac0cb476bb99ce0218dd8f33c3c603,research/experiments/results/e4/raw/runs/run-334-e4-d5-sym-m05
335,e4-d6-sym-m05,7,d6,D,Symbolic Violation,32,symbolic_only,measured,5,NONE,0,False,707015,707015,707.015,440,POLICY VIOLATION,POLICY VIOLATION,True,eb2032bf-8b50-4fe2-8466-c974ed3331cb,2,0,12804,2,0,success,58f9150e1f16a441da9249b28b870ce4b1dc9566fe4ca31ecdc3a3e733df4893,fb59f1e91dfa860ff91e6f8cd847d708923f3854809c9dd3b16c7e0457a394a0,270403272d736ae7aee2ceda3bf8d088b6ac0cb476bb99ce0218dd8f33c3c603,research/experiments/results/e4/raw/runs/run-335-e4-d6-sym-m05
336,e4-d6-hyb-m05,7,d6,D,Symbolic Violation,32,hybrid,measured,5,UNKNOWN,42244,True,700144,742388,742.388,2583,POLICY VIOLATION,POLICY VIOLATION,True,ee498f45-5556-4390-a0cf-bbdf47babddc,2,0,12804,2,0,success,58f9150e1f16a441da9249b28b870ce4b1dc9566fe4ca31ecdc3a3e733df4893,fb59f1e91dfa860ff91e6f8cd847d708923f3854809c9dd3b16c7e0457a394a0,270403272d736ae7aee2ceda3bf8d088b6ac0cb476bb99ce0218dd8f33c3c603,research/experiments/results/e4/raw/runs/run-336-e4-d6-hyb-m05
337,e4-a1-hyb-m06,8,a1,A,Provable Compliant,1,hybrid,measured,6,SAFE,40896,False,0,40896,40.896,1629,COMPLIANT,COMPLIANT,True,NONE,0,0,0,0,0,success,cd2e9241582690fe6560e3ec50707646d771ea3b71ac87d362cc2a7cf71eeffa,afdf76a0a4465ad311a341f5b9312804dbc313d23b656b65297bcb80c489b1a7,270403272d736ae7aee2ceda3bf8d088b6ac0cb476bb99ce0218dd8f33c3c603,research/experiments/results/e4/raw/runs/run-337-e4-a1-hyb-m06
338,e4-a1-sym-m06,8,a1,A,Provable Compliant,1,symbolic_only,measured,6,NONE,0,False,682777,682777,682.777,560,COMPLIANT,COMPLIANT,True,5db571ba-ea4d-4dad-8967-c3d455095c73,1,0,12695,0,0,success,cd2e9241582690fe6560e3ec50707646d771ea3b71ac87d362cc2a7cf71eeffa,afdf76a0a4465ad311a341f5b9312804dbc313d23b656b65297bcb80c489b1a7,270403272d736ae7aee2ceda3bf8d088b6ac0cb476bb99ce0218dd8f33c3c603,research/experiments/results/e4/raw/runs/run-338-e4-a1-sym-m06
339,e4-a2-hyb-m06,8,a2,A,Provable Compliant,1,hybrid,measured,6,SAFE,39152,False,0,39152,39.152,1618,COMPLIANT,COMPLIANT,True,NONE,0,0,0,0,0,success,91b6ceff73cd825370ecc13aa0e0776fa6d9c48b9555cc8afb5e66bda072b017,9dc5de0fd13a0d6a8104849d86653ed5790f140dda8cd1b7c0407c623963c8c7,270403272d736ae7aee2ceda3bf8d088b6ac0cb476bb99ce0218dd8f33c3c603,research/experiments/results/e4/raw/runs/run-339-e4-a2-hyb-m06
340,e4-a2-sym-m06,8,a2,A,Provable Compliant,1,symbolic_only,measured,6,NONE,0,False,693766,693766,693.766,524,COMPLIANT,COMPLIANT,True,00ec6a1e-99f2-4b22-9ab7-8f84895c05a9,1,0,12695,0,0,success,91b6ceff73cd825370ecc13aa0e0776fa6d9c48b9555cc8afb5e66bda072b017,9dc5de0fd13a0d6a8104849d86653ed5790f140dda8cd1b7c0407c623963c8c7,270403272d736ae7aee2ceda3bf8d088b6ac0cb476bb99ce0218dd8f33c3c603,research/experiments/results/e4/raw/runs/run-340-e4-a2-sym-m06
341,e4-a3-sym-m06,8,a3,A,Provable Compliant,1,symbolic_only,measured,6,NONE,0,False,681339,681339,681.339,436,COMPLIANT,COMPLIANT,True,12cf8c98-0eff-4546-9c7e-04b7952c7c7e,1,0,12710,1,0,success,59bd40b3104cdae5842104c56da6e19128a4e6bc5f9ec5a6495603f984631dcc,df252c1e63a2bbbbb661bbea3de41e44367397f62a660378584b07f22eb42f27,270403272d736ae7aee2ceda3bf8d088b6ac0cb476bb99ce0218dd8f33c3c603,research/experiments/results/e4/raw/runs/run-341-e4-a3-sym-m06
342,e4-a3-hyb-m06,8,a3,A,Provable Compliant,1,hybrid,measured,6,SAFE,33415,False,0,33415,33.415,1508,COMPLIANT,COMPLIANT,True,NONE,0,0,0,0,0,success,59bd40b3104cdae5842104c56da6e19128a4e6bc5f9ec5a6495603f984631dcc,df252c1e63a2bbbbb661bbea3de41e44367397f62a660378584b07f22eb42f27,270403272d736ae7aee2ceda3bf8d088b6ac0cb476bb99ce0218dd8f33c3c603,research/experiments/results/e4/raw/runs/run-342-e4-a3-hyb-m06
343,e4-a4-sym-m06,8,a4,A,Provable Compliant,1,symbolic_only,measured,6,NONE,0,False,684952,684952,684.952,600,COMPLIANT,COMPLIANT,True,78ca920b-d840-4eb0-8aab-50a98880a615,1,0,12724,1,0,success,7c9996681b7574a9340739201821f8ae20da70d312d9ced0ce7530f9e4942673,c96c78c0957df2931e2424f8f6380d8df1a0826778f7b14a174f08c329160082,270403272d736ae7aee2ceda3bf8d088b6ac0cb476bb99ce0218dd8f33c3c603,research/experiments/results/e4/raw/runs/run-343-e4-a4-sym-m06
344,e4-a4-hyb-m06,8,a4,A,Provable Compliant,1,hybrid,measured,6,SAFE,36561,False,0,36561,36.561,1493,COMPLIANT,COMPLIANT,True,NONE,0,0,0,0,0,success,7c9996681b7574a9340739201821f8ae20da70d312d9ced0ce7530f9e4942673,c96c78c0957df2931e2424f8f6380d8df1a0826778f7b14a174f08c329160082,270403272d736ae7aee2ceda3bf8d088b6ac0cb476bb99ce0218dd8f33c3c603,research/experiments/results/e4/raw/runs/run-344-e4-a4-hyb-m06
345,e4-a5-hyb-m06,8,a5,A,Provable Compliant,1,hybrid,measured,6,SAFE,39502,False,0,39502,39.502,1765,COMPLIANT,COMPLIANT,True,NONE,0,0,0,0,0,success,9b2ca4e8bfdd49875e47ed04c4c6e8f3f11d9bd4abe066f44dde72392c3cae3b,833923e85039a9e4e70c159d28396673db94a91b5a2abf062ad6c6432d2413aa,270403272d736ae7aee2ceda3bf8d088b6ac0cb476bb99ce0218dd8f33c3c603,research/experiments/results/e4/raw/runs/run-345-e4-a5-hyb-m06
346,e4-a5-sym-m06,8,a5,A,Provable Compliant,1,symbolic_only,measured,6,NONE,0,False,675228,675228,675.228,623,COMPLIANT,COMPLIANT,True,1e1f6bb5-6cb9-41ee-9cf0-07d96d03e18c,1,0,12752,1,0,success,9b2ca4e8bfdd49875e47ed04c4c6e8f3f11d9bd4abe066f44dde72392c3cae3b,833923e85039a9e4e70c159d28396673db94a91b5a2abf062ad6c6432d2413aa,270403272d736ae7aee2ceda3bf8d088b6ac0cb476bb99ce0218dd8f33c3c603,research/experiments/results/e4/raw/runs/run-346-e4-a5-sym-m06
347,e4-a6-sym-m06,8,a6,A,Provable Compliant,1,symbolic_only,measured,6,NONE,0,False,684042,684042,684.042,522,COMPLIANT,COMPLIANT,True,211b9004-7f42-4c14-aa19-285c76e55462,1,0,12780,1,0,success,cb8bd929a99fe568b192efbbd6742c0adb474bbea12f5ffceff999c94b1bf4b4,60b146058a4a1389ca16d81def94d88f7fbeef981fae7f86077258d8d50fa64f,270403272d736ae7aee2ceda3bf8d088b6ac0cb476bb99ce0218dd8f33c3c603,research/experiments/results/e4/raw/runs/run-347-e4-a6-sym-m06
348,e4-a6-hyb-m06,8,a6,A,Provable Compliant,1,hybrid,measured,6,SAFE,33559,False,0,33559,33.559,1494,COMPLIANT,COMPLIANT,True,NONE,0,0,0,0,0,success,cb8bd929a99fe568b192efbbd6742c0adb474bbea12f5ffceff999c94b1bf4b4,60b146058a4a1389ca16d81def94d88f7fbeef981fae7f86077258d8d50fa64f,270403272d736ae7aee2ceda3bf8d088b6ac0cb476bb99ce0218dd8f33c3c603,research/experiments/results/e4/raw/runs/run-348-e4-a6-hyb-m06
349,e4-b1-sym-m06,8,b1,B,Uncertain Compliant,2,symbolic_only,measured,6,NONE,0,False,694100,694100,694.1,481,COMPLIANT,COMPLIANT,True,12c39651-faee-4388-8fc7-beebb9340df3,2,0,12811,2,0,success,e8022df63f9d8fd39d7f5f1c463e027e3db50edd6edf7405d4aac173659f06cd,fb95faa51b5eef338fdad8ee9b3ffa6cd965433ed4a1c991e83c85674b7c1350,270403272d736ae7aee2ceda3bf8d088b6ac0cb476bb99ce0218dd8f33c3c603,research/experiments/results/e4/raw/runs/run-349-e4-b1-sym-m06
350,e4-b1-hyb-m06,8,b1,B,Uncertain Compliant,2,hybrid,measured,6,UNKNOWN,32509,True,689789,722298,722.298,2188,COMPLIANT,COMPLIANT,True,ef00e747-9d13-4bf2-a769-a875e42fd0b1,2,0,12811,2,0,success,e8022df63f9d8fd39d7f5f1c463e027e3db50edd6edf7405d4aac173659f06cd,fb95faa51b5eef338fdad8ee9b3ffa6cd965433ed4a1c991e83c85674b7c1350,270403272d736ae7aee2ceda3bf8d088b6ac0cb476bb99ce0218dd8f33c3c603,research/experiments/results/e4/raw/runs/run-350-e4-b1-hyb-m06
351,e4-b2-hyb-m06,8,b2,B,Uncertain Compliant,2,hybrid,measured,6,UNKNOWN,46092,True,672122,718214,718.214,2765,COMPLIANT,COMPLIANT,True,f0a24e12-3086-452e-bdbf-04d97dacc5ac,2,0,12811,2,0,success,82b933ac24404967490bfd720cee41dcce96e653be5b49263613ef7edc481672,f0f1d2e7aceef4c4ce77a19423fbb798d169877bfb0d55e5ba1e34f7786ab7bd,270403272d736ae7aee2ceda3bf8d088b6ac0cb476bb99ce0218dd8f33c3c603,research/experiments/results/e4/raw/runs/run-351-e4-b2-hyb-m06
352,e4-b2-sym-m06,8,b2,B,Uncertain Compliant,2,symbolic_only,measured,6,NONE,0,False,702833,702833,702.833,438,COMPLIANT,COMPLIANT,True,3e467b81-b847-4bb7-bfc5-3afcc89e1de0,2,0,12811,2,0,success,82b933ac24404967490bfd720cee41dcce96e653be5b49263613ef7edc481672,f0f1d2e7aceef4c4ce77a19423fbb798d169877bfb0d55e5ba1e34f7786ab7bd,270403272d736ae7aee2ceda3bf8d088b6ac0cb476bb99ce0218dd8f33c3c603,research/experiments/results/e4/raw/runs/run-352-e4-b2-sym-m06
353,e4-b3-hyb-m06,8,b3,B,Uncertain Compliant,4,hybrid,measured,6,UNKNOWN,48899,True,712571,761470,761.47,3059,COMPLIANT,COMPLIANT,True,325cf981-d075-4bd4-9e26-6657297f5873,4,0,13009,4,0,success,4d74e31d48ac69142db1a745c2dc8ee2730b2eae91cd02b503f1ee13dd914695,5819ee511bcdce3287ab7a7ed5f7422e2735ed21308d265e7591d048bddac580,270403272d736ae7aee2ceda3bf8d088b6ac0cb476bb99ce0218dd8f33c3c603,research/experiments/results/e4/raw/runs/run-353-e4-b3-hyb-m06
354,e4-b3-sym-m06,8,b3,B,Uncertain Compliant,4,symbolic_only,measured,6,NONE,0,False,710390,710390,710.39,416,COMPLIANT,COMPLIANT,True,a7327fe9-4444-4e9a-a6a3-7657c79dc2b6,4,0,13009,4,0,success,4d74e31d48ac69142db1a745c2dc8ee2730b2eae91cd02b503f1ee13dd914695,5819ee511bcdce3287ab7a7ed5f7422e2735ed21308d265e7591d048bddac580,270403272d736ae7aee2ceda3bf8d088b6ac0cb476bb99ce0218dd8f33c3c603,research/experiments/results/e4/raw/runs/run-354-e4-b3-sym-m06
355,e4-b4-hyb-m06,8,b4,B,Uncertain Compliant,8,hybrid,measured,6,UNKNOWN,41107,True,738875,779982,779.982,2627,COMPLIANT,COMPLIANT,True,b0bc806c-7d6b-4c89-a91a-faf1901aa131,8,0,13389,8,0,success,9879e967a9b4a8cbda673c429880a731032e8133ab5fca4ab309fbf08850f8f7,5a536ce8292d996b0c076ffadfeff24d9ce6e37ad567e31296a55e3c8c7cc365,270403272d736ae7aee2ceda3bf8d088b6ac0cb476bb99ce0218dd8f33c3c603,research/experiments/results/e4/raw/runs/run-355-e4-b4-hyb-m06
356,e4-b4-sym-m06,8,b4,B,Uncertain Compliant,8,symbolic_only,measured,6,NONE,0,False,747647,747647,747.647,508,COMPLIANT,COMPLIANT,True,133c1365-c361-4c19-949a-41e4897ee44c,8,0,13389,8,0,success,9879e967a9b4a8cbda673c429880a731032e8133ab5fca4ab309fbf08850f8f7,5a536ce8292d996b0c076ffadfeff24d9ce6e37ad567e31296a55e3c8c7cc365,270403272d736ae7aee2ceda3bf8d088b6ac0cb476bb99ce0218dd8f33c3c603,research/experiments/results/e4/raw/runs/run-356-e4-b4-sym-m06
357,e4-b5-hyb-m06,8,b5,B,Uncertain Compliant,16,hybrid,measured,6,UNKNOWN,49174,True,787371,836545,836.545,2962,COMPLIANT,COMPLIANT,True,4bf4c63d-6424-4bb3-9f5d-403ac958f9cf,16,0,14149,16,0,success,7a1ed578acd248ff33f53abc660b2760dc159f76ceb8cefce67ea29f1dbf0b76,eac933d8779c23116afa822902e219156037f28f0ccdd6daaba70e6fff0c82f2,270403272d736ae7aee2ceda3bf8d088b6ac0cb476bb99ce0218dd8f33c3c603,research/experiments/results/e4/raw/runs/run-357-e4-b5-hyb-m06
358,e4-b5-sym-m06,8,b5,B,Uncertain Compliant,16,symbolic_only,measured,6,NONE,0,False,787084,787084,787.084,568,COMPLIANT,COMPLIANT,True,012cd88e-fedc-4aee-95b1-602640b5b8ee,16,0,14149,16,0,success,7a1ed578acd248ff33f53abc660b2760dc159f76ceb8cefce67ea29f1dbf0b76,eac933d8779c23116afa822902e219156037f28f0ccdd6daaba70e6fff0c82f2,270403272d736ae7aee2ceda3bf8d088b6ac0cb476bb99ce0218dd8f33c3c603,research/experiments/results/e4/raw/runs/run-358-e4-b5-sym-m06
359,e4-b6-hyb-m06,8,b6,B,Uncertain Compliant,32,hybrid,measured,6,UNKNOWN,40709,True,907155,947864,947.864,2702,COMPLIANT,COMPLIANT,True,62bbd737-422f-427e-9e3a-7b1a7607dede,32,0,15669,32,0,success,f0689a73c23d5c0f941560ec320ef94fb3e3606c45535dfbba2cd6d7d3a7c6ea,4844435af8708232beb8297750e352df11ba463fb893228bbd1ce8951fe6a3fa,270403272d736ae7aee2ceda3bf8d088b6ac0cb476bb99ce0218dd8f33c3c603,research/experiments/results/e4/raw/runs/run-359-e4-b6-hyb-m06
360,e4-b6-sym-m06,8,b6,B,Uncertain Compliant,32,symbolic_only,measured,6,NONE,0,False,908935,908935,908.935,463,COMPLIANT,COMPLIANT,True,3761b4d5-a33e-41ea-9c9b-fc85a1120774,32,0,15669,32,0,success,f0689a73c23d5c0f941560ec320ef94fb3e3606c45535dfbba2cd6d7d3a7c6ea,4844435af8708232beb8297750e352df11ba463fb893228bbd1ce8951fe6a3fa,270403272d736ae7aee2ceda3bf8d088b6ac0cb476bb99ce0218dd8f33c3c603,research/experiments/results/e4/raw/runs/run-360-e4-b6-sym-m06
361,e4-c1-sym-m06,8,c1,C,Provable Violation,1,symbolic_only,measured,6,NONE,0,False,691435,691435,691.435,511,POLICY VIOLATION,POLICY VIOLATION,True,4170c787-2a51-4b4d-9c93-5d876d39de9c,1,0,12703,0,0,success,1c031ad911d3996684367291bb0a7bfbb66916aa7de7c87600e5aab80eb2053d,d6a1ceab0a167d80255aa7ba022314c70b73173bd0022218fdb726cf1fb9e5e2,270403272d736ae7aee2ceda3bf8d088b6ac0cb476bb99ce0218dd8f33c3c603,research/experiments/results/e4/raw/runs/run-361-e4-c1-sym-m06
362,e4-c1-hyb-m06,8,c1,C,Provable Violation,1,hybrid,measured,6,VIOLATION,33650,False,0,33650,33.65,1663,POLICY VIOLATION,POLICY VIOLATION,True,NONE,0,0,0,0,0,success,1c031ad911d3996684367291bb0a7bfbb66916aa7de7c87600e5aab80eb2053d,d6a1ceab0a167d80255aa7ba022314c70b73173bd0022218fdb726cf1fb9e5e2,270403272d736ae7aee2ceda3bf8d088b6ac0cb476bb99ce0218dd8f33c3c603,research/experiments/results/e4/raw/runs/run-362-e4-c1-hyb-m06
363,e4-c2-sym-m06,8,c2,C,Provable Violation,1,symbolic_only,measured,6,NONE,0,False,706680,706680,706.68,598,POLICY VIOLATION,POLICY VIOLATION,True,a876491d-a8bc-47d9-9196-5b5489af6d71,1,0,12703,0,0,success,23668b6ce0e8c902fce01b534c941b4bff5614b733f56b5616f36aa80224cd42,a2bea244afc287c6e2da021d7845f058806a3ee24f91436c2081c3d34b4e6ef1,270403272d736ae7aee2ceda3bf8d088b6ac0cb476bb99ce0218dd8f33c3c603,research/experiments/results/e4/raw/runs/run-363-e4-c2-sym-m06
364,e4-c2-hyb-m06,8,c2,C,Provable Violation,1,hybrid,measured,6,VIOLATION,33927,False,0,33927,33.927,1421,POLICY VIOLATION,POLICY VIOLATION,True,NONE,0,0,0,0,0,success,23668b6ce0e8c902fce01b534c941b4bff5614b733f56b5616f36aa80224cd42,a2bea244afc287c6e2da021d7845f058806a3ee24f91436c2081c3d34b4e6ef1,270403272d736ae7aee2ceda3bf8d088b6ac0cb476bb99ce0218dd8f33c3c603,research/experiments/results/e4/raw/runs/run-364-e4-c2-hyb-m06
365,e4-c3-sym-m06,8,c3,C,Provable Violation,1,symbolic_only,measured,6,NONE,0,False,671337,671337,671.337,561,POLICY VIOLATION,POLICY VIOLATION,True,68542cfa-aa8f-4905-aacf-69f28f459f81,1,0,12703,0,0,success,406bf3f97c8cd682a652fc92940888a871b47e126d167b848c47cfc8391cafad,085df780e31d965efd5261c68b524bbe0c1951a2b85429931ad374eb8d3232d5,270403272d736ae7aee2ceda3bf8d088b6ac0cb476bb99ce0218dd8f33c3c603,research/experiments/results/e4/raw/runs/run-365-e4-c3-sym-m06
366,e4-c3-hyb-m06,8,c3,C,Provable Violation,1,hybrid,measured,6,VIOLATION,40384,False,0,40384,40.384,1872,POLICY VIOLATION,POLICY VIOLATION,True,NONE,0,0,0,0,0,success,406bf3f97c8cd682a652fc92940888a871b47e126d167b848c47cfc8391cafad,085df780e31d965efd5261c68b524bbe0c1951a2b85429931ad374eb8d3232d5,270403272d736ae7aee2ceda3bf8d088b6ac0cb476bb99ce0218dd8f33c3c603,research/experiments/results/e4/raw/runs/run-366-e4-c3-hyb-m06
367,e4-c4-hyb-m06,8,c4,C,Provable Violation,1,hybrid,measured,6,VIOLATION,39785,False,0,39785,39.785,1855,POLICY VIOLATION,POLICY VIOLATION,True,NONE,0,0,0,0,0,success,be4d57db9f42690836ee331784fe922a9fa593e4cec4046e862bed7ef28755ca,0a996dcf4f20aa4ee7218f0ed8a7b9d7504f422b57ffd09278a699ad748a414c,270403272d736ae7aee2ceda3bf8d088b6ac0cb476bb99ce0218dd8f33c3c603,research/experiments/results/e4/raw/runs/run-367-e4-c4-hyb-m06
368,e4-c4-sym-m06,8,c4,C,Provable Violation,1,symbolic_only,measured,6,NONE,0,False,709500,709500,709.5,475,POLICY VIOLATION,POLICY VIOLATION,True,b6f41959-c4d7-43d3-af3a-d8fb3295146a,1,0,12718,1,0,success,be4d57db9f42690836ee331784fe922a9fa593e4cec4046e862bed7ef28755ca,0a996dcf4f20aa4ee7218f0ed8a7b9d7504f422b57ffd09278a699ad748a414c,270403272d736ae7aee2ceda3bf8d088b6ac0cb476bb99ce0218dd8f33c3c603,research/experiments/results/e4/raw/runs/run-368-e4-c4-sym-m06
369,e4-c5-hyb-m06,8,c5,C,Provable Violation,1,hybrid,measured,6,VIOLATION,41486,False,0,41486,41.486,1690,POLICY VIOLATION,POLICY VIOLATION,True,NONE,0,0,0,0,0,success,c5f374e0b62b032fe5eb90261d9e91a4567ad000bb5fa87d82ae880c17d2dea5,eab4a175f3742333528356ac6542b45a4eb8f5124ec45bd40194073f2e4a32b6,270403272d736ae7aee2ceda3bf8d088b6ac0cb476bb99ce0218dd8f33c3c603,research/experiments/results/e4/raw/runs/run-369-e4-c5-hyb-m06
370,e4-c5-sym-m06,8,c5,C,Provable Violation,1,symbolic_only,measured,6,NONE,0,False,686330,686330,686.33,612,POLICY VIOLATION,POLICY VIOLATION,True,941b0469-542d-40b4-88f5-8c0f22341f58,1,0,12732,1,0,success,c5f374e0b62b032fe5eb90261d9e91a4567ad000bb5fa87d82ae880c17d2dea5,eab4a175f3742333528356ac6542b45a4eb8f5124ec45bd40194073f2e4a32b6,270403272d736ae7aee2ceda3bf8d088b6ac0cb476bb99ce0218dd8f33c3c603,research/experiments/results/e4/raw/runs/run-370-e4-c5-sym-m06
371,e4-c6-hyb-m06,8,c6,C,Provable Violation,1,hybrid,measured,6,VIOLATION,41593,False,0,41593,41.593,2103,POLICY VIOLATION,POLICY VIOLATION,True,NONE,0,0,0,0,0,success,f74120677cb8d92d4725a9c5cb2679ae43fd49dabedc2ee99b71b23318f5d7f4,51ead398a1a6e6281bcbeb4057df283dd6282b95299b660c4728dba300b7821a,270403272d736ae7aee2ceda3bf8d088b6ac0cb476bb99ce0218dd8f33c3c603,research/experiments/results/e4/raw/runs/run-371-e4-c6-hyb-m06
372,e4-c6-sym-m06,8,c6,C,Provable Violation,1,symbolic_only,measured,6,NONE,0,False,699228,699228,699.228,547,POLICY VIOLATION,POLICY VIOLATION,True,a7564f14-5141-455e-b37c-127d3bce53ff,1,0,12746,1,0,success,f74120677cb8d92d4725a9c5cb2679ae43fd49dabedc2ee99b71b23318f5d7f4,51ead398a1a6e6281bcbeb4057df283dd6282b95299b660c4728dba300b7821a,270403272d736ae7aee2ceda3bf8d088b6ac0cb476bb99ce0218dd8f33c3c603,research/experiments/results/e4/raw/runs/run-372-e4-c6-sym-m06
373,e4-d1-sym-m06,8,d1,D,Symbolic Violation,2,symbolic_only,measured,6,NONE,0,False,705226,705226,705.226,429,POLICY VIOLATION,POLICY VIOLATION,True,55ecf74c-5a87-4a24-be01-5a811974f1a2,2,0,12804,2,0,success,e8f4abe4784a922f49d7755eb61c77828bb049d624b8983921f218e191b07d58,de480574ea955b9d273ecfbd0e39d5c5a7c6421d1070d1a4bcd6a50a861f244c,270403272d736ae7aee2ceda3bf8d088b6ac0cb476bb99ce0218dd8f33c3c603,research/experiments/results/e4/raw/runs/run-373-e4-d1-sym-m06
374,e4-d1-hyb-m06,8,d1,D,Symbolic Violation,2,hybrid,measured,6,UNKNOWN,34435,True,692789,727224,727.224,1913,POLICY VIOLATION,POLICY VIOLATION,True,7031d931-c6c7-44fa-8d00-873e91e66014,2,0,12804,2,0,success,e8f4abe4784a922f49d7755eb61c77828bb049d624b8983921f218e191b07d58,de480574ea955b9d273ecfbd0e39d5c5a7c6421d1070d1a4bcd6a50a861f244c,270403272d736ae7aee2ceda3bf8d088b6ac0cb476bb99ce0218dd8f33c3c603,research/experiments/results/e4/raw/runs/run-374-e4-d1-hyb-m06
375,e4-d2-hyb-m06,8,d2,D,Symbolic Violation,2,hybrid,measured,6,UNKNOWN,45187,True,683586,728773,728.773,2888,POLICY VIOLATION,POLICY VIOLATION,True,a7f1dbc4-c447-498a-aded-1bf1466982b2,2,0,12804,2,0,success,93811a8083f08a96a92238396d04235345330f1735a7f81b706c5e9222df071e,d43770c56ce04f6743b96b9a2d5ae747f1d187f3db42daf852755d8cc4d6c4bd,270403272d736ae7aee2ceda3bf8d088b6ac0cb476bb99ce0218dd8f33c3c603,research/experiments/results/e4/raw/runs/run-375-e4-d2-hyb-m06
376,e4-d2-sym-m06,8,d2,D,Symbolic Violation,2,symbolic_only,measured,6,NONE,0,False,690233,690233,690.233,695,POLICY VIOLATION,POLICY VIOLATION,True,3f02ccc5-fa2c-454d-8772-f1f059cb8701,2,0,12804,2,0,success,93811a8083f08a96a92238396d04235345330f1735a7f81b706c5e9222df071e,d43770c56ce04f6743b96b9a2d5ae747f1d187f3db42daf852755d8cc4d6c4bd,270403272d736ae7aee2ceda3bf8d088b6ac0cb476bb99ce0218dd8f33c3c603,research/experiments/results/e4/raw/runs/run-376-e4-d2-sym-m06
377,e4-d3-hyb-m06,8,d3,D,Symbolic Violation,4,hybrid,measured,6,UNKNOWN,41243,True,682775,724018,724.018,2147,POLICY VIOLATION,POLICY VIOLATION,True,627f3b79-1e75-4e0a-be4c-ecdefef398c1,2,0,12804,2,0,success,062f281449b23d9f9340d127a55af0b8696a13311497cd128ec6ad3d2925cc6f,b4d0639980dffdbd3cd5d0dedcef3db54822237a9543208513455db9c95031c5,270403272d736ae7aee2ceda3bf8d088b6ac0cb476bb99ce0218dd8f33c3c603,research/experiments/results/e4/raw/runs/run-377-e4-d3-hyb-m06
378,e4-d3-sym-m06,8,d3,D,Symbolic Violation,4,symbolic_only,measured,6,NONE,0,False,691605,691605,691.605,888,POLICY VIOLATION,POLICY VIOLATION,True,103e0a28-e0a9-4626-9f4c-44ad22f55431,2,0,12804,2,0,success,062f281449b23d9f9340d127a55af0b8696a13311497cd128ec6ad3d2925cc6f,b4d0639980dffdbd3cd5d0dedcef3db54822237a9543208513455db9c95031c5,270403272d736ae7aee2ceda3bf8d088b6ac0cb476bb99ce0218dd8f33c3c603,research/experiments/results/e4/raw/runs/run-378-e4-d3-sym-m06
379,e4-d4-hyb-m06,8,d4,D,Symbolic Violation,8,hybrid,measured,6,UNKNOWN,40256,True,701037,741293,741.293,2438,POLICY VIOLATION,POLICY VIOLATION,True,d0d98714-d2b4-42cc-84eb-459df059c35c,2,0,12804,2,0,success,612b01a0a59da13c4560018f22a4c83082a627ddc4fa1757c0a1b8dd10b5af5d,57184dd8a4623696440b54f78f23b8f1628c16c06edcfaf589874680f5865f3d,270403272d736ae7aee2ceda3bf8d088b6ac0cb476bb99ce0218dd8f33c3c603,research/experiments/results/e4/raw/runs/run-379-e4-d4-hyb-m06
380,e4-d4-sym-m06,8,d4,D,Symbolic Violation,8,symbolic_only,measured,6,NONE,0,False,700564,700564,700.564,433,POLICY VIOLATION,POLICY VIOLATION,True,f4a26ef6-8a33-4f20-b061-24f1c40cfa6b,2,0,12804,2,0,success,612b01a0a59da13c4560018f22a4c83082a627ddc4fa1757c0a1b8dd10b5af5d,57184dd8a4623696440b54f78f23b8f1628c16c06edcfaf589874680f5865f3d,270403272d736ae7aee2ceda3bf8d088b6ac0cb476bb99ce0218dd8f33c3c603,research/experiments/results/e4/raw/runs/run-380-e4-d4-sym-m06
381,e4-d5-hyb-m06,8,d5,D,Symbolic Violation,16,hybrid,measured,6,UNKNOWN,39845,True,689248,729093,729.093,2630,POLICY VIOLATION,POLICY VIOLATION,True,b7139fef-88a8-493f-aee2-952c4d2688c0,2,0,12804,2,0,success,1c6f773d5e6af632d9090b4954df80671727997c09d6476efe6439beb1b23465,cb87ad04d7742795888acde9f608ca31c4279f281d11050319d17e0f6d0a2dc3,270403272d736ae7aee2ceda3bf8d088b6ac0cb476bb99ce0218dd8f33c3c603,research/experiments/results/e4/raw/runs/run-381-e4-d5-hyb-m06
382,e4-d5-sym-m06,8,d5,D,Symbolic Violation,16,symbolic_only,measured,6,NONE,0,False,675294,675294,675.294,416,POLICY VIOLATION,POLICY VIOLATION,True,c4c6d588-37f0-423d-88af-5bd3a2de4a56,2,0,12804,2,0,success,1c6f773d5e6af632d9090b4954df80671727997c09d6476efe6439beb1b23465,cb87ad04d7742795888acde9f608ca31c4279f281d11050319d17e0f6d0a2dc3,270403272d736ae7aee2ceda3bf8d088b6ac0cb476bb99ce0218dd8f33c3c603,research/experiments/results/e4/raw/runs/run-382-e4-d5-sym-m06
383,e4-d6-hyb-m06,8,d6,D,Symbolic Violation,32,hybrid,measured,6,UNKNOWN,37746,True,690991,728737,728.737,2200,POLICY VIOLATION,POLICY VIOLATION,True,0abc5c23-a47e-464e-b452-70eb1402e8dc,2,0,12804,2,0,success,58f9150e1f16a441da9249b28b870ce4b1dc9566fe4ca31ecdc3a3e733df4893,fb59f1e91dfa860ff91e6f8cd847d708923f3854809c9dd3b16c7e0457a394a0,270403272d736ae7aee2ceda3bf8d088b6ac0cb476bb99ce0218dd8f33c3c603,research/experiments/results/e4/raw/runs/run-383-e4-d6-hyb-m06
384,e4-d6-sym-m06,8,d6,D,Symbolic Violation,32,symbolic_only,measured,6,NONE,0,False,682353,682353,682.353,511,POLICY VIOLATION,POLICY VIOLATION,True,30f2a238-74a9-4c36-bc55-f578edfbfca1,2,0,12804,2,0,success,58f9150e1f16a441da9249b28b870ce4b1dc9566fe4ca31ecdc3a3e733df4893,fb59f1e91dfa860ff91e6f8cd847d708923f3854809c9dd3b16c7e0457a394a0,270403272d736ae7aee2ceda3bf8d088b6ac0cb476bb99ce0218dd8f33c3c603,research/experiments/results/e4/raw/runs/run-384-e4-d6-sym-m06
385,e4-a1-hyb-m07,9,a1,A,Provable Compliant,1,hybrid,measured,7,SAFE,48642,False,0,48642,48.642,1928,COMPLIANT,COMPLIANT,True,NONE,0,0,0,0,0,success,cd2e9241582690fe6560e3ec50707646d771ea3b71ac87d362cc2a7cf71eeffa,afdf76a0a4465ad311a341f5b9312804dbc313d23b656b65297bcb80c489b1a7,270403272d736ae7aee2ceda3bf8d088b6ac0cb476bb99ce0218dd8f33c3c603,research/experiments/results/e4/raw/runs/run-385-e4-a1-hyb-m07
386,e4-a1-sym-m07,9,a1,A,Provable Compliant,1,symbolic_only,measured,7,NONE,0,False,683919,683919,683.919,513,COMPLIANT,COMPLIANT,True,5fd4f430-f5e0-451a-90f9-5f1e59e9fe70,1,0,12695,0,0,success,cd2e9241582690fe6560e3ec50707646d771ea3b71ac87d362cc2a7cf71eeffa,afdf76a0a4465ad311a341f5b9312804dbc313d23b656b65297bcb80c489b1a7,270403272d736ae7aee2ceda3bf8d088b6ac0cb476bb99ce0218dd8f33c3c603,research/experiments/results/e4/raw/runs/run-386-e4-a1-sym-m07
387,e4-a2-sym-m07,9,a2,A,Provable Compliant,1,symbolic_only,measured,7,NONE,0,False,677936,677936,677.936,494,COMPLIANT,COMPLIANT,True,6ac346e8-3c96-428f-8392-1b77ea6fae94,1,0,12695,0,0,success,91b6ceff73cd825370ecc13aa0e0776fa6d9c48b9555cc8afb5e66bda072b017,9dc5de0fd13a0d6a8104849d86653ed5790f140dda8cd1b7c0407c623963c8c7,270403272d736ae7aee2ceda3bf8d088b6ac0cb476bb99ce0218dd8f33c3c603,research/experiments/results/e4/raw/runs/run-387-e4-a2-sym-m07
388,e4-a2-hyb-m07,9,a2,A,Provable Compliant,1,hybrid,measured,7,SAFE,35929,False,0,35929,35.929,1797,COMPLIANT,COMPLIANT,True,NONE,0,0,0,0,0,success,91b6ceff73cd825370ecc13aa0e0776fa6d9c48b9555cc8afb5e66bda072b017,9dc5de0fd13a0d6a8104849d86653ed5790f140dda8cd1b7c0407c623963c8c7,270403272d736ae7aee2ceda3bf8d088b6ac0cb476bb99ce0218dd8f33c3c603,research/experiments/results/e4/raw/runs/run-388-e4-a2-hyb-m07
389,e4-a3-hyb-m07,9,a3,A,Provable Compliant,1,hybrid,measured,7,SAFE,45068,False,0,45068,45.068,1762,COMPLIANT,COMPLIANT,True,NONE,0,0,0,0,0,success,59bd40b3104cdae5842104c56da6e19128a4e6bc5f9ec5a6495603f984631dcc,df252c1e63a2bbbbb661bbea3de41e44367397f62a660378584b07f22eb42f27,270403272d736ae7aee2ceda3bf8d088b6ac0cb476bb99ce0218dd8f33c3c603,research/experiments/results/e4/raw/runs/run-389-e4-a3-hyb-m07
390,e4-a3-sym-m07,9,a3,A,Provable Compliant,1,symbolic_only,measured,7,NONE,0,False,689646,689646,689.646,449,COMPLIANT,COMPLIANT,True,e3225467-8096-4d46-836b-189bff795cdf,1,0,12710,1,0,success,59bd40b3104cdae5842104c56da6e19128a4e6bc5f9ec5a6495603f984631dcc,df252c1e63a2bbbbb661bbea3de41e44367397f62a660378584b07f22eb42f27,270403272d736ae7aee2ceda3bf8d088b6ac0cb476bb99ce0218dd8f33c3c603,research/experiments/results/e4/raw/runs/run-390-e4-a3-sym-m07
391,e4-a4-sym-m07,9,a4,A,Provable Compliant,1,symbolic_only,measured,7,NONE,0,False,698838,698838,698.838,423,COMPLIANT,COMPLIANT,True,9d1fbed7-996b-4b3d-8789-b595f0f81979,1,0,12724,1,0,success,7c9996681b7574a9340739201821f8ae20da70d312d9ced0ce7530f9e4942673,c96c78c0957df2931e2424f8f6380d8df1a0826778f7b14a174f08c329160082,270403272d736ae7aee2ceda3bf8d088b6ac0cb476bb99ce0218dd8f33c3c603,research/experiments/results/e4/raw/runs/run-391-e4-a4-sym-m07
392,e4-a4-hyb-m07,9,a4,A,Provable Compliant,1,hybrid,measured,7,SAFE,33601,False,0,33601,33.601,1495,COMPLIANT,COMPLIANT,True,NONE,0,0,0,0,0,success,7c9996681b7574a9340739201821f8ae20da70d312d9ced0ce7530f9e4942673,c96c78c0957df2931e2424f8f6380d8df1a0826778f7b14a174f08c329160082,270403272d736ae7aee2ceda3bf8d088b6ac0cb476bb99ce0218dd8f33c3c603,research/experiments/results/e4/raw/runs/run-392-e4-a4-hyb-m07
393,e4-a5-sym-m07,9,a5,A,Provable Compliant,1,symbolic_only,measured,7,NONE,0,False,690058,690058,690.058,578,COMPLIANT,COMPLIANT,True,67b0131b-d74a-4bfa-b29b-eaf4dbd0c14d,1,0,12752,1,0,success,9b2ca4e8bfdd49875e47ed04c4c6e8f3f11d9bd4abe066f44dde72392c3cae3b,833923e85039a9e4e70c159d28396673db94a91b5a2abf062ad6c6432d2413aa,270403272d736ae7aee2ceda3bf8d088b6ac0cb476bb99ce0218dd8f33c3c603,research/experiments/results/e4/raw/runs/run-393-e4-a5-sym-m07
394,e4-a5-hyb-m07,9,a5,A,Provable Compliant,1,hybrid,measured,7,SAFE,31940,False,0,31940,31.94,1561,COMPLIANT,COMPLIANT,True,NONE,0,0,0,0,0,success,9b2ca4e8bfdd49875e47ed04c4c6e8f3f11d9bd4abe066f44dde72392c3cae3b,833923e85039a9e4e70c159d28396673db94a91b5a2abf062ad6c6432d2413aa,270403272d736ae7aee2ceda3bf8d088b6ac0cb476bb99ce0218dd8f33c3c603,research/experiments/results/e4/raw/runs/run-394-e4-a5-hyb-m07
395,e4-a6-hyb-m07,9,a6,A,Provable Compliant,1,hybrid,measured,7,SAFE,42968,False,0,42968,42.968,2116,COMPLIANT,COMPLIANT,True,NONE,0,0,0,0,0,success,cb8bd929a99fe568b192efbbd6742c0adb474bbea12f5ffceff999c94b1bf4b4,60b146058a4a1389ca16d81def94d88f7fbeef981fae7f86077258d8d50fa64f,270403272d736ae7aee2ceda3bf8d088b6ac0cb476bb99ce0218dd8f33c3c603,research/experiments/results/e4/raw/runs/run-395-e4-a6-hyb-m07
396,e4-a6-sym-m07,9,a6,A,Provable Compliant,1,symbolic_only,measured,7,NONE,0,False,690447,690447,690.447,456,COMPLIANT,COMPLIANT,True,a493ef89-2b99-4b7b-bf93-1b3706ac7d33,1,0,12780,1,0,success,cb8bd929a99fe568b192efbbd6742c0adb474bbea12f5ffceff999c94b1bf4b4,60b146058a4a1389ca16d81def94d88f7fbeef981fae7f86077258d8d50fa64f,270403272d736ae7aee2ceda3bf8d088b6ac0cb476bb99ce0218dd8f33c3c603,research/experiments/results/e4/raw/runs/run-396-e4-a6-sym-m07
397,e4-b1-sym-m07,9,b1,B,Uncertain Compliant,2,symbolic_only,measured,7,NONE,0,False,684140,684140,684.14,792,COMPLIANT,COMPLIANT,True,bb4894fe-3548-44f4-8470-1640d42c9bce,2,0,12811,2,0,success,e8022df63f9d8fd39d7f5f1c463e027e3db50edd6edf7405d4aac173659f06cd,fb95faa51b5eef338fdad8ee9b3ffa6cd965433ed4a1c991e83c85674b7c1350,270403272d736ae7aee2ceda3bf8d088b6ac0cb476bb99ce0218dd8f33c3c603,research/experiments/results/e4/raw/runs/run-397-e4-b1-sym-m07
398,e4-b1-hyb-m07,9,b1,B,Uncertain Compliant,2,hybrid,measured,7,UNKNOWN,35954,True,712185,748139,748.139,2215,COMPLIANT,COMPLIANT,True,b43b55b0-8d54-4a83-8e71-6bb6b17380b4,2,0,12811,2,0,success,e8022df63f9d8fd39d7f5f1c463e027e3db50edd6edf7405d4aac173659f06cd,fb95faa51b5eef338fdad8ee9b3ffa6cd965433ed4a1c991e83c85674b7c1350,270403272d736ae7aee2ceda3bf8d088b6ac0cb476bb99ce0218dd8f33c3c603,research/experiments/results/e4/raw/runs/run-398-e4-b1-hyb-m07
399,e4-b2-sym-m07,9,b2,B,Uncertain Compliant,2,symbolic_only,measured,7,NONE,0,False,702336,702336,702.336,442,COMPLIANT,COMPLIANT,True,f8543baf-18e1-421d-84e6-a6354b768910,2,0,12811,2,0,success,82b933ac24404967490bfd720cee41dcce96e653be5b49263613ef7edc481672,f0f1d2e7aceef4c4ce77a19423fbb798d169877bfb0d55e5ba1e34f7786ab7bd,270403272d736ae7aee2ceda3bf8d088b6ac0cb476bb99ce0218dd8f33c3c603,research/experiments/results/e4/raw/runs/run-399-e4-b2-sym-m07
400,e4-b2-hyb-m07,9,b2,B,Uncertain Compliant,2,hybrid,measured,7,UNKNOWN,34766,True,697030,731796,731.796,2525,COMPLIANT,COMPLIANT,True,b3891ecc-a0d9-4dda-acb8-2b7702080e62,2,0,12811,2,0,success,82b933ac24404967490bfd720cee41dcce96e653be5b49263613ef7edc481672,f0f1d2e7aceef4c4ce77a19423fbb798d169877bfb0d55e5ba1e34f7786ab7bd,270403272d736ae7aee2ceda3bf8d088b6ac0cb476bb99ce0218dd8f33c3c603,research/experiments/results/e4/raw/runs/run-400-e4-b2-hyb-m07
401,e4-b3-sym-m07,9,b3,B,Uncertain Compliant,4,symbolic_only,measured,7,NONE,0,False,712688,712688,712.688,771,COMPLIANT,COMPLIANT,True,fa02fcc6-7c7c-42a5-b868-26c31a3c24be,4,0,13009,4,0,success,4d74e31d48ac69142db1a745c2dc8ee2730b2eae91cd02b503f1ee13dd914695,5819ee511bcdce3287ab7a7ed5f7422e2735ed21308d265e7591d048bddac580,270403272d736ae7aee2ceda3bf8d088b6ac0cb476bb99ce0218dd8f33c3c603,research/experiments/results/e4/raw/runs/run-401-e4-b3-sym-m07
402,e4-b3-hyb-m07,9,b3,B,Uncertain Compliant,4,hybrid,measured,7,UNKNOWN,34571,True,716321,750892,750.892,2088,COMPLIANT,COMPLIANT,True,03a70361-2cdb-4224-9915-e607fa648927,4,0,13009,4,0,success,4d74e31d48ac69142db1a745c2dc8ee2730b2eae91cd02b503f1ee13dd914695,5819ee511bcdce3287ab7a7ed5f7422e2735ed21308d265e7591d048bddac580,270403272d736ae7aee2ceda3bf8d088b6ac0cb476bb99ce0218dd8f33c3c603,research/experiments/results/e4/raw/runs/run-402-e4-b3-hyb-m07
403,e4-b4-sym-m07,9,b4,B,Uncertain Compliant,8,symbolic_only,measured,7,NONE,0,False,743905,743905,743.905,619,COMPLIANT,COMPLIANT,True,1de9cb07-082a-4b8c-9c20-959d5314c600,8,0,13389,8,0,success,9879e967a9b4a8cbda673c429880a731032e8133ab5fca4ab309fbf08850f8f7,5a536ce8292d996b0c076ffadfeff24d9ce6e37ad567e31296a55e3c8c7cc365,270403272d736ae7aee2ceda3bf8d088b6ac0cb476bb99ce0218dd8f33c3c603,research/experiments/results/e4/raw/runs/run-403-e4-b4-sym-m07
404,e4-b4-hyb-m07,9,b4,B,Uncertain Compliant,8,hybrid,measured,7,UNKNOWN,35473,True,738544,774017,774.017,2323,COMPLIANT,COMPLIANT,True,e788a37f-61c9-47f4-aa74-09d3e5310764,8,0,13389,8,0,success,9879e967a9b4a8cbda673c429880a731032e8133ab5fca4ab309fbf08850f8f7,5a536ce8292d996b0c076ffadfeff24d9ce6e37ad567e31296a55e3c8c7cc365,270403272d736ae7aee2ceda3bf8d088b6ac0cb476bb99ce0218dd8f33c3c603,research/experiments/results/e4/raw/runs/run-404-e4-b4-hyb-m07
405,e4-b5-sym-m07,9,b5,B,Uncertain Compliant,16,symbolic_only,measured,7,NONE,0,False,801644,801644,801.644,540,COMPLIANT,COMPLIANT,True,3ace87e3-9c6c-483e-a8c2-9742547ac9fd,16,0,14149,16,0,success,7a1ed578acd248ff33f53abc660b2760dc159f76ceb8cefce67ea29f1dbf0b76,eac933d8779c23116afa822902e219156037f28f0ccdd6daaba70e6fff0c82f2,270403272d736ae7aee2ceda3bf8d088b6ac0cb476bb99ce0218dd8f33c3c603,research/experiments/results/e4/raw/runs/run-405-e4-b5-sym-m07
406,e4-b5-hyb-m07,9,b5,B,Uncertain Compliant,16,hybrid,measured,7,UNKNOWN,33235,True,787345,820580,820.58,2180,COMPLIANT,COMPLIANT,True,7509bdcb-2118-4a4f-9b57-f6275142a9fe,16,0,14149,16,0,success,7a1ed578acd248ff33f53abc660b2760dc159f76ceb8cefce67ea29f1dbf0b76,eac933d8779c23116afa822902e219156037f28f0ccdd6daaba70e6fff0c82f2,270403272d736ae7aee2ceda3bf8d088b6ac0cb476bb99ce0218dd8f33c3c603,research/experiments/results/e4/raw/runs/run-406-e4-b5-hyb-m07
407,e4-b6-hyb-m07,9,b6,B,Uncertain Compliant,32,hybrid,measured,7,UNKNOWN,39907,True,916708,956615,956.615,2680,COMPLIANT,COMPLIANT,True,1b794271-70bd-4f91-a7d4-9f4942799cce,32,0,15669,32,0,success,f0689a73c23d5c0f941560ec320ef94fb3e3606c45535dfbba2cd6d7d3a7c6ea,4844435af8708232beb8297750e352df11ba463fb893228bbd1ce8951fe6a3fa,270403272d736ae7aee2ceda3bf8d088b6ac0cb476bb99ce0218dd8f33c3c603,research/experiments/results/e4/raw/runs/run-407-e4-b6-hyb-m07
408,e4-b6-sym-m07,9,b6,B,Uncertain Compliant,32,symbolic_only,measured,7,NONE,0,False,902054,902054,902.054,652,COMPLIANT,COMPLIANT,True,52ad0a0e-c893-42ff-aa4b-60f4b4613578,32,0,15669,32,0,success,f0689a73c23d5c0f941560ec320ef94fb3e3606c45535dfbba2cd6d7d3a7c6ea,4844435af8708232beb8297750e352df11ba463fb893228bbd1ce8951fe6a3fa,270403272d736ae7aee2ceda3bf8d088b6ac0cb476bb99ce0218dd8f33c3c603,research/experiments/results/e4/raw/runs/run-408-e4-b6-sym-m07
409,e4-c1-hyb-m07,9,c1,C,Provable Violation,1,hybrid,measured,7,VIOLATION,40100,False,0,40100,40.1,1738,POLICY VIOLATION,POLICY VIOLATION,True,NONE,0,0,0,0,0,success,1c031ad911d3996684367291bb0a7bfbb66916aa7de7c87600e5aab80eb2053d,d6a1ceab0a167d80255aa7ba022314c70b73173bd0022218fdb726cf1fb9e5e2,270403272d736ae7aee2ceda3bf8d088b6ac0cb476bb99ce0218dd8f33c3c603,research/experiments/results/e4/raw/runs/run-409-e4-c1-hyb-m07
410,e4-c1-sym-m07,9,c1,C,Provable Violation,1,symbolic_only,measured,7,NONE,0,False,679160,679160,679.16,427,POLICY VIOLATION,POLICY VIOLATION,True,d5922c5f-31d6-4fe2-85a4-53f229c6cfa8,1,0,12703,0,0,success,1c031ad911d3996684367291bb0a7bfbb66916aa7de7c87600e5aab80eb2053d,d6a1ceab0a167d80255aa7ba022314c70b73173bd0022218fdb726cf1fb9e5e2,270403272d736ae7aee2ceda3bf8d088b6ac0cb476bb99ce0218dd8f33c3c603,research/experiments/results/e4/raw/runs/run-410-e4-c1-sym-m07
411,e4-c2-hyb-m07,9,c2,C,Provable Violation,1,hybrid,measured,7,VIOLATION,47993,False,0,47993,47.993,1894,POLICY VIOLATION,POLICY VIOLATION,True,NONE,0,0,0,0,0,success,23668b6ce0e8c902fce01b534c941b4bff5614b733f56b5616f36aa80224cd42,a2bea244afc287c6e2da021d7845f058806a3ee24f91436c2081c3d34b4e6ef1,270403272d736ae7aee2ceda3bf8d088b6ac0cb476bb99ce0218dd8f33c3c603,research/experiments/results/e4/raw/runs/run-411-e4-c2-hyb-m07
412,e4-c2-sym-m07,9,c2,C,Provable Violation,1,symbolic_only,measured,7,NONE,0,False,672948,672948,672.948,699,POLICY VIOLATION,POLICY VIOLATION,True,23dd6fac-e3c0-47ed-bb28-3a788bfc547f,1,0,12703,0,0,success,23668b6ce0e8c902fce01b534c941b4bff5614b733f56b5616f36aa80224cd42,a2bea244afc287c6e2da021d7845f058806a3ee24f91436c2081c3d34b4e6ef1,270403272d736ae7aee2ceda3bf8d088b6ac0cb476bb99ce0218dd8f33c3c603,research/experiments/results/e4/raw/runs/run-412-e4-c2-sym-m07
413,e4-c3-hyb-m07,9,c3,C,Provable Violation,1,hybrid,measured,7,VIOLATION,46220,False,0,46220,46.22,1684,POLICY VIOLATION,POLICY VIOLATION,True,NONE,0,0,0,0,0,success,406bf3f97c8cd682a652fc92940888a871b47e126d167b848c47cfc8391cafad,085df780e31d965efd5261c68b524bbe0c1951a2b85429931ad374eb8d3232d5,270403272d736ae7aee2ceda3bf8d088b6ac0cb476bb99ce0218dd8f33c3c603,research/experiments/results/e4/raw/runs/run-413-e4-c3-hyb-m07
414,e4-c3-sym-m07,9,c3,C,Provable Violation,1,symbolic_only,measured,7,NONE,0,False,687496,687496,687.496,567,POLICY VIOLATION,POLICY VIOLATION,True,67497dd8-c8e3-4969-b3ef-8f2adbc2aaec,1,0,12703,0,0,success,406bf3f97c8cd682a652fc92940888a871b47e126d167b848c47cfc8391cafad,085df780e31d965efd5261c68b524bbe0c1951a2b85429931ad374eb8d3232d5,270403272d736ae7aee2ceda3bf8d088b6ac0cb476bb99ce0218dd8f33c3c603,research/experiments/results/e4/raw/runs/run-414-e4-c3-sym-m07
415,e4-c4-hyb-m07,9,c4,C,Provable Violation,1,hybrid,measured,7,VIOLATION,40940,False,0,40940,40.94,1768,POLICY VIOLATION,POLICY VIOLATION,True,NONE,0,0,0,0,0,success,be4d57db9f42690836ee331784fe922a9fa593e4cec4046e862bed7ef28755ca,0a996dcf4f20aa4ee7218f0ed8a7b9d7504f422b57ffd09278a699ad748a414c,270403272d736ae7aee2ceda3bf8d088b6ac0cb476bb99ce0218dd8f33c3c603,research/experiments/results/e4/raw/runs/run-415-e4-c4-hyb-m07
416,e4-c4-sym-m07,9,c4,C,Provable Violation,1,symbolic_only,measured,7,NONE,0,False,680070,680070,680.07,519,POLICY VIOLATION,POLICY VIOLATION,True,07cc6d51-d1a5-4dab-b37c-815a45f92f81,1,0,12718,1,0,success,be4d57db9f42690836ee331784fe922a9fa593e4cec4046e862bed7ef28755ca,0a996dcf4f20aa4ee7218f0ed8a7b9d7504f422b57ffd09278a699ad748a414c,270403272d736ae7aee2ceda3bf8d088b6ac0cb476bb99ce0218dd8f33c3c603,research/experiments/results/e4/raw/runs/run-416-e4-c4-sym-m07
417,e4-c5-hyb-m07,9,c5,C,Provable Violation,1,hybrid,measured,7,VIOLATION,39294,False,0,39294,39.294,1828,POLICY VIOLATION,POLICY VIOLATION,True,NONE,0,0,0,0,0,success,c5f374e0b62b032fe5eb90261d9e91a4567ad000bb5fa87d82ae880c17d2dea5,eab4a175f3742333528356ac6542b45a4eb8f5124ec45bd40194073f2e4a32b6,270403272d736ae7aee2ceda3bf8d088b6ac0cb476bb99ce0218dd8f33c3c603,research/experiments/results/e4/raw/runs/run-417-e4-c5-hyb-m07
418,e4-c5-sym-m07,9,c5,C,Provable Violation,1,symbolic_only,measured,7,NONE,0,False,686388,686388,686.388,630,POLICY VIOLATION,POLICY VIOLATION,True,852aee07-da3f-4244-9d0d-7bce63f4a128,1,0,12732,1,0,success,c5f374e0b62b032fe5eb90261d9e91a4567ad000bb5fa87d82ae880c17d2dea5,eab4a175f3742333528356ac6542b45a4eb8f5124ec45bd40194073f2e4a32b6,270403272d736ae7aee2ceda3bf8d088b6ac0cb476bb99ce0218dd8f33c3c603,research/experiments/results/e4/raw/runs/run-418-e4-c5-sym-m07
419,e4-c6-sym-m07,9,c6,C,Provable Violation,1,symbolic_only,measured,7,NONE,0,False,680783,680783,680.783,511,POLICY VIOLATION,POLICY VIOLATION,True,fdc8fbfc-c9fe-4a09-bdc6-9f3010e9b156,1,0,12746,1,0,success,f74120677cb8d92d4725a9c5cb2679ae43fd49dabedc2ee99b71b23318f5d7f4,51ead398a1a6e6281bcbeb4057df283dd6282b95299b660c4728dba300b7821a,270403272d736ae7aee2ceda3bf8d088b6ac0cb476bb99ce0218dd8f33c3c603,research/experiments/results/e4/raw/runs/run-419-e4-c6-sym-m07
420,e4-c6-hyb-m07,9,c6,C,Provable Violation,1,hybrid,measured,7,VIOLATION,34300,False,0,34300,34.3,1940,POLICY VIOLATION,POLICY VIOLATION,True,NONE,0,0,0,0,0,success,f74120677cb8d92d4725a9c5cb2679ae43fd49dabedc2ee99b71b23318f5d7f4,51ead398a1a6e6281bcbeb4057df283dd6282b95299b660c4728dba300b7821a,270403272d736ae7aee2ceda3bf8d088b6ac0cb476bb99ce0218dd8f33c3c603,research/experiments/results/e4/raw/runs/run-420-e4-c6-hyb-m07
421,e4-d1-hyb-m07,9,d1,D,Symbolic Violation,2,hybrid,measured,7,UNKNOWN,41056,True,708875,749931,749.931,2536,POLICY VIOLATION,POLICY VIOLATION,True,26f1290f-5e76-4629-a07c-846ad45c3e7a,2,0,12804,2,0,success,e8f4abe4784a922f49d7755eb61c77828bb049d624b8983921f218e191b07d58,de480574ea955b9d273ecfbd0e39d5c5a7c6421d1070d1a4bcd6a50a861f244c,270403272d736ae7aee2ceda3bf8d088b6ac0cb476bb99ce0218dd8f33c3c603,research/experiments/results/e4/raw/runs/run-421-e4-d1-hyb-m07
422,e4-d1-sym-m07,9,d1,D,Symbolic Violation,2,symbolic_only,measured,7,NONE,0,False,710635,710635,710.635,468,POLICY VIOLATION,POLICY VIOLATION,True,1dcb9d30-e72f-4b2f-b923-1e976b929e0f,2,0,12804,2,0,success,e8f4abe4784a922f49d7755eb61c77828bb049d624b8983921f218e191b07d58,de480574ea955b9d273ecfbd0e39d5c5a7c6421d1070d1a4bcd6a50a861f244c,270403272d736ae7aee2ceda3bf8d088b6ac0cb476bb99ce0218dd8f33c3c603,research/experiments/results/e4/raw/runs/run-422-e4-d1-sym-m07
423,e4-d2-sym-m07,9,d2,D,Symbolic Violation,2,symbolic_only,measured,7,NONE,0,False,719087,719087,719.087,574,POLICY VIOLATION,POLICY VIOLATION,True,973a2289-4014-47ab-95c7-345cabf711b1,2,0,12804,2,0,success,93811a8083f08a96a92238396d04235345330f1735a7f81b706c5e9222df071e,d43770c56ce04f6743b96b9a2d5ae747f1d187f3db42daf852755d8cc4d6c4bd,270403272d736ae7aee2ceda3bf8d088b6ac0cb476bb99ce0218dd8f33c3c603,research/experiments/results/e4/raw/runs/run-423-e4-d2-sym-m07
424,e4-d2-hyb-m07,9,d2,D,Symbolic Violation,2,hybrid,measured,7,UNKNOWN,39386,True,674441,713827,713.827,2174,POLICY VIOLATION,POLICY VIOLATION,True,40f383a2-6dc4-4d2d-ad01-45417d5f1420,2,0,12804,2,0,success,93811a8083f08a96a92238396d04235345330f1735a7f81b706c5e9222df071e,d43770c56ce04f6743b96b9a2d5ae747f1d187f3db42daf852755d8cc4d6c4bd,270403272d736ae7aee2ceda3bf8d088b6ac0cb476bb99ce0218dd8f33c3c603,research/experiments/results/e4/raw/runs/run-424-e4-d2-hyb-m07
425,e4-d3-hyb-m07,9,d3,D,Symbolic Violation,4,hybrid,measured,7,UNKNOWN,45874,True,713477,759351,759.351,2455,POLICY VIOLATION,POLICY VIOLATION,True,e33aa98b-02ec-4201-bb3d-eccf7e4b79d4,2,0,12804,2,0,success,062f281449b23d9f9340d127a55af0b8696a13311497cd128ec6ad3d2925cc6f,b4d0639980dffdbd3cd5d0dedcef3db54822237a9543208513455db9c95031c5,270403272d736ae7aee2ceda3bf8d088b6ac0cb476bb99ce0218dd8f33c3c603,research/experiments/results/e4/raw/runs/run-425-e4-d3-hyb-m07
426,e4-d3-sym-m07,9,d3,D,Symbolic Violation,4,symbolic_only,measured,7,NONE,0,False,684432,684432,684.432,414,POLICY VIOLATION,POLICY VIOLATION,True,e75b9883-4892-4458-acd0-c0ba6e20eb64,2,0,12804,2,0,success,062f281449b23d9f9340d127a55af0b8696a13311497cd128ec6ad3d2925cc6f,b4d0639980dffdbd3cd5d0dedcef3db54822237a9543208513455db9c95031c5,270403272d736ae7aee2ceda3bf8d088b6ac0cb476bb99ce0218dd8f33c3c603,research/experiments/results/e4/raw/runs/run-426-e4-d3-sym-m07
427,e4-d4-hyb-m07,9,d4,D,Symbolic Violation,8,hybrid,measured,7,UNKNOWN,45137,True,690974,736111,736.111,2434,POLICY VIOLATION,POLICY VIOLATION,True,f177f2d5-e26c-40ef-b302-6086cf8696e3,2,0,12804,2,0,success,612b01a0a59da13c4560018f22a4c83082a627ddc4fa1757c0a1b8dd10b5af5d,57184dd8a4623696440b54f78f23b8f1628c16c06edcfaf589874680f5865f3d,270403272d736ae7aee2ceda3bf8d088b6ac0cb476bb99ce0218dd8f33c3c603,research/experiments/results/e4/raw/runs/run-427-e4-d4-hyb-m07
428,e4-d4-sym-m07,9,d4,D,Symbolic Violation,8,symbolic_only,measured,7,NONE,0,False,699299,699299,699.299,418,POLICY VIOLATION,POLICY VIOLATION,True,687d85df-5800-4d5e-9633-7d96cd84f242,2,0,12804,2,0,success,612b01a0a59da13c4560018f22a4c83082a627ddc4fa1757c0a1b8dd10b5af5d,57184dd8a4623696440b54f78f23b8f1628c16c06edcfaf589874680f5865f3d,270403272d736ae7aee2ceda3bf8d088b6ac0cb476bb99ce0218dd8f33c3c603,research/experiments/results/e4/raw/runs/run-428-e4-d4-sym-m07
429,e4-d5-sym-m07,9,d5,D,Symbolic Violation,16,symbolic_only,measured,7,NONE,0,False,698484,698484,698.484,444,POLICY VIOLATION,POLICY VIOLATION,True,0d7f3719-e1c6-475f-a257-8c57587a94ef,2,0,12804,2,0,success,1c6f773d5e6af632d9090b4954df80671727997c09d6476efe6439beb1b23465,cb87ad04d7742795888acde9f608ca31c4279f281d11050319d17e0f6d0a2dc3,270403272d736ae7aee2ceda3bf8d088b6ac0cb476bb99ce0218dd8f33c3c603,research/experiments/results/e4/raw/runs/run-429-e4-d5-sym-m07
430,e4-d5-hyb-m07,9,d5,D,Symbolic Violation,16,hybrid,measured,7,UNKNOWN,33765,True,695399,729164,729.164,1958,POLICY VIOLATION,POLICY VIOLATION,True,ee86d7d4-b635-49ba-8fdc-e0cc42ff33c1,2,0,12804,2,0,success,1c6f773d5e6af632d9090b4954df80671727997c09d6476efe6439beb1b23465,cb87ad04d7742795888acde9f608ca31c4279f281d11050319d17e0f6d0a2dc3,270403272d736ae7aee2ceda3bf8d088b6ac0cb476bb99ce0218dd8f33c3c603,research/experiments/results/e4/raw/runs/run-430-e4-d5-hyb-m07
431,e4-d6-sym-m07,9,d6,D,Symbolic Violation,32,symbolic_only,measured,7,NONE,0,False,703341,703341,703.341,561,POLICY VIOLATION,POLICY VIOLATION,True,befb46c2-7985-4d2e-b969-3bd599c7fea7,2,0,12804,2,0,success,58f9150e1f16a441da9249b28b870ce4b1dc9566fe4ca31ecdc3a3e733df4893,fb59f1e91dfa860ff91e6f8cd847d708923f3854809c9dd3b16c7e0457a394a0,270403272d736ae7aee2ceda3bf8d088b6ac0cb476bb99ce0218dd8f33c3c603,research/experiments/results/e4/raw/runs/run-431-e4-d6-sym-m07
432,e4-d6-hyb-m07,9,d6,D,Symbolic Violation,32,hybrid,measured,7,UNKNOWN,35446,True,695977,731423,731.423,2040,POLICY VIOLATION,POLICY VIOLATION,True,d994e94e-a252-4d66-8273-2b4f72079805,2,0,12804,2,0,success,58f9150e1f16a441da9249b28b870ce4b1dc9566fe4ca31ecdc3a3e733df4893,fb59f1e91dfa860ff91e6f8cd847d708923f3854809c9dd3b16c7e0457a394a0,270403272d736ae7aee2ceda3bf8d088b6ac0cb476bb99ce0218dd8f33c3c603,research/experiments/results/e4/raw/runs/run-432-e4-d6-hyb-m07
